Id,Label
https://www.wikidata.org/wiki/Property:P7046,HOV-Code
https://www.wikidata.org/wiki/Property:P227,GND-ID
https://www.wikidata.org/wiki/Property:P1566,Geonames-ID
http://www.wikidata.org/entity/Q5870,Freital
http://www.wikidata.org/entity/Q6467,Dohma
http://www.wikidata.org/entity/Q8232,Reinhardtsdorf-Schöna
http://www.wikidata.org/entity/Q8245,Tharandt
http://www.wikidata.org/entity/Q10740,Belgershain
http://www.wikidata.org/entity/Q10741,Bennewitz
http://www.wikidata.org/entity/Q10748,Elstertrebnitz
http://www.wikidata.org/entity/Q10763,Frohburg
http://www.wikidata.org/entity/Q10765,Geithain
http://www.wikidata.org/entity/Q10773,Pegau
http://www.wikidata.org/entity/Q17128,Remse
http://www.wikidata.org/entity/Q71012,Neuhausen/Erzgeb.
http://www.wikidata.org/entity/Q71025,Oberschöna
http://www.wikidata.org/entity/Q71072,Ziegra-Knobelsdorf
http://www.wikidata.org/entity/Q71095,Burgstädt
http://www.wikidata.org/entity/Q71145,Penig
http://www.wikidata.org/entity/Q140005,Zadel
http://www.wikidata.org/entity/Q160992,Kleinpostwitz
http://www.wikidata.org/entity/Q162654,Altcunnewitz
http://www.wikidata.org/entity/Q315466,Heuersdorf
http://www.wikidata.org/entity/Q442439,Altlommatzsch
http://www.wikidata.org/entity/Q472960,Ammelshain
http://www.wikidata.org/entity/Q691655,Copitz
http://www.wikidata.org/entity/Q758826,Audigast
http://www.wikidata.org/entity/Q771920,Auligk
http://www.wikidata.org/entity/Q892803,Bonnewitz
http://www.wikidata.org/entity/Q902529,Braußwig
http://www.wikidata.org/entity/Q996810,Brüderwiese
http://www.wikidata.org/entity/Q1019808,Böhrigen
http://www.wikidata.org/entity/Q1043351,Carlsbrunn
http://www.wikidata.org/entity/Q1100944,Clieben
http://www.wikidata.org/entity/Q1111505,Mertitz
http://www.wikidata.org/entity/Q1142568,Cröbern
http://www.wikidata.org/entity/Q1204564,Deutschenbora
http://www.wikidata.org/entity/Q1250157,Kleinkagen
http://www.wikidata.org/entity/Q1303304,Planitz-Deila
http://www.wikidata.org/entity/Q1322311,Rennersdorf-Neudörfel
http://www.wikidata.org/entity/Q1329780,Steinbach
http://www.wikidata.org/entity/Q1400077,Lübau
http://www.wikidata.org/entity/Q1407747,Geschwitz
http://www.wikidata.org/entity/Q1423192,Spittewitz
http://www.wikidata.org/entity/Q1446240,Jahna-Löthain
http://www.wikidata.org/entity/Q1453830,Freibergsdorf
http://www.wikidata.org/entity/Q1486889,Gaulis
http://www.wikidata.org/entity/Q1494536,Garsebach
http://www.wikidata.org/entity/Q1495095,Gasern
http://www.wikidata.org/entity/Q1533164,Gnandstein
http://www.wikidata.org/entity/Q1534370,Gohla
http://www.wikidata.org/entity/Q1549570,Großsedlitz
http://www.wikidata.org/entity/Q1551683,Gröppendorf
http://www.wikidata.org/entity/Q1616318,Hetzdorf
http://www.wikidata.org/entity/Q1694567,Liega
http://www.wikidata.org/entity/Q1694667,Sobrigau
http://www.wikidata.org/entity/Q1721789,Kaisitz
http://www.wikidata.org/entity/Q1721801,Kaitz
http://www.wikidata.org/entity/Q1746986,Kleinpösna
http://www.wikidata.org/entity/Q1797015,Kühren-Burkartshain
http://www.wikidata.org/entity/Q1805124,Langenstriegis
http://www.wikidata.org/entity/Q1918169,Meinsberg
http://www.wikidata.org/entity/Q1977788,Nepperwitz
http://www.wikidata.org/entity/Q1979353,Neucoswig
http://www.wikidata.org/entity/Q1992675,Nimtitz
http://www.wikidata.org/entity/Q2015109,Oelzschau
http://www.wikidata.org/entity/Q2100231,Podemus
http://www.wikidata.org/entity/Q2100645,Pohrsdorf
http://www.wikidata.org/entity/Q2133428,Raun
http://www.wikidata.org/entity/Q2239556,Schleußig
http://www.wikidata.org/entity/Q2259232,Schönheiderhammer
http://www.wikidata.org/entity/Q2361102,Stürza
http://www.wikidata.org/entity/Q2586802,Wittgensdorf
http://www.wikidata.org/entity/Q2662786,Bockwen
http://www.wikidata.org/entity/Q4373397,Badersen
http://www.wikidata.org/entity/Q15096988,Goßdorf
http://www.wikidata.org/entity/Q15097028,Doberzeit
http://www.wikidata.org/entity/Q15715307,Hohenlauft
http://www.wikidata.org/entity/Q16832838,Leubetha
http://www.wikidata.org/entity/Q19968292,Zottewitz
http://www.wikidata.org/entity/Q21988551,Eschefeld
http://www.wikidata.org/entity/Q22691676,Doberquitz
http://www.wikidata.org/entity/Q22692128,Großstolpen
http://www.wikidata.org/entity/Q22693294,Nicollschwitz
http://www.wikidata.org/entity/Q22693428,Paudritzsch
http://www.wikidata.org/entity/Q26254857,Zaußwitz
http://www.wikidata.org/entity/Q26254934,Cöllnitz
http://www.wikidata.org/entity/Q26254939,Altengroitzsch
http://www.wikidata.org/entity/Q26254946,Kobschütz
http://www.wikidata.org/entity/Q26254956,Kleinprießligk
http://www.wikidata.org/entity/Q26254966,Pautzsch
http://www.wikidata.org/entity/Q26271317,Peres-Pulgar
http://www.wikidata.org/entity/Q26836843,Michelwitz
http://www.wikidata.org/entity/Q26836870,Oellschütz
http://www.wikidata.org/entity/Q26837609,Zschagast
http://www.wikidata.org/entity/Q26882829,Käferhain
http://www.wikidata.org/entity/Q27116261,Zeschnig
http://www.wikidata.org/entity/Q27479060,Oberottendorf
http://www.wikidata.org/entity/Q27479061,Rugiswalde
http://www.wikidata.org/entity/Q27479113,Kleinvoigtsberg
http://www.wikidata.org/entity/Q27684335,Muldenberg
http://www.wikidata.org/entity/Q47087894,Oberneumark
http://www.wikidata.org/entity/Q6406,Bad Schandau
http://www.wikidata.org/entity/Q6448,Bannewitz
http://www.wikidata.org/entity/Q6474,Dohna
http://www.wikidata.org/entity/Q8720,Käbschütztal
http://www.wikidata.org/entity/Q8734,Lommatzsch
http://www.wikidata.org/entity/Q8746,Niederau
http://www.wikidata.org/entity/Q10739,Bad Lausick
http://www.wikidata.org/entity/Q10747,Deutzen
http://www.wikidata.org/entity/Q10749,Espenhain
http://www.wikidata.org/entity/Q10753,Narsdorf
http://www.wikidata.org/entity/Q10769,Kohren-Sahlis
http://www.wikidata.org/entity/Q20076,Limbach-Oberfrohna
http://www.wikidata.org/entity/Q28407,Ziegelheim
http://www.wikidata.org/entity/Q46811,Triebel
http://www.wikidata.org/entity/Q46856,Bad Elster
http://www.wikidata.org/entity/Q57749,Drebach
http://www.wikidata.org/entity/Q57757,Gelenau/Erzgeb.
http://www.wikidata.org/entity/Q71009,Mulda/Sa.
http://www.wikidata.org/entity/Q71021,Niederwiesa
http://www.wikidata.org/entity/Q71151,Sayda
http://www.wikidata.org/entity/Q71166,Flöha
http://www.wikidata.org/entity/Q81743,Pulsnitz
http://www.wikidata.org/entity/Q160601,Kleinröhrsdorf
http://www.wikidata.org/entity/Q160697,Drehna
http://www.wikidata.org/entity/Q160806,Grubditz
http://www.wikidata.org/entity/Q227701,Zuckelhausen
http://www.wikidata.org/entity/Q442359,Altleisnig
http://www.wikidata.org/entity/Q444099,Mittelndorf
http://www.wikidata.org/entity/Q506108,Kodersdorf
http://www.wikidata.org/entity/Q542047,Bockelwitz
http://www.wikidata.org/entity/Q703119,Mücka
http://www.wikidata.org/entity/Q703880,Lobstädt
http://www.wikidata.org/entity/Q884272,Cranzahl
http://www.wikidata.org/entity/Q894251,Borthen
http://www.wikidata.org/entity/Q989984,Gerichshain
http://www.wikidata.org/entity/Q995803,Brösgen
http://www.wikidata.org/entity/Q999488,Rothschönberg
http://www.wikidata.org/entity/Q1019244,Bärreut
http://www.wikidata.org/entity/Q1117567,Volkmarsdorf
http://www.wikidata.org/entity/Q1257829,Dreihansen
http://www.wikidata.org/entity/Q1271263,Dörgenhausen
http://www.wikidata.org/entity/Q1275999,Leukersdorf
http://www.wikidata.org/entity/Q1282173,Wantewitz
http://www.wikidata.org/entity/Q1284116,Wildbach
http://www.wikidata.org/entity/Q1296273,Stünz
http://www.wikidata.org/entity/Q1309263,Seerhausen
http://www.wikidata.org/entity/Q1366355,Schlottwitz
http://www.wikidata.org/entity/Q1395325,Präbschütz
http://www.wikidata.org/entity/Q1397387,Fasendorf
http://www.wikidata.org/entity/Q1491140,Gahlenz
http://www.wikidata.org/entity/Q1497168,Güldengossa
http://www.wikidata.org/entity/Q1521118,Geyersdorf
http://www.wikidata.org/entity/Q1549488,Großopitz
http://www.wikidata.org/entity/Q1583929,Oberlochmühle
http://www.wikidata.org/entity/Q1623711,Hohenfichte
http://www.wikidata.org/entity/Q1667816,Kretscham-Rothensehma
http://www.wikidata.org/entity/Q1746388,Kleinburgk
http://www.wikidata.org/entity/Q1757736,Seyde
http://www.wikidata.org/entity/Q1784261,Korbitz
http://www.wikidata.org/entity/Q1876014,Lugenheim
http://www.wikidata.org/entity/Q1948728,Mortka
http://www.wikidata.org/entity/Q1972055,Naustadt
http://www.wikidata.org/entity/Q1981047,Neunitz
http://www.wikidata.org/entity/Q1988260,Niedermeisa
http://www.wikidata.org/entity/Q1988463,Niedersedlitz
http://www.wikidata.org/entity/Q2009648,Oberfrohna
http://www.wikidata.org/entity/Q2010329,Oberlößnitz
http://www.wikidata.org/entity/Q2010651,Oberpöbel
http://www.wikidata.org/entity/Q2013740,Ockerwitz
http://www.wikidata.org/entity/Q2132699,Rathendorf
http://www.wikidata.org/entity/Q2138947,Rehefeld-Zaunhaus
http://www.wikidata.org/entity/Q2210590,Sachsenburg-Irbersdorf
http://www.wikidata.org/entity/Q2246629,Schmorsdorf
http://www.wikidata.org/entity/Q2259126,Schönerstadt
http://www.wikidata.org/entity/Q2259588,Schöpsdorf
http://www.wikidata.org/entity/Q2303267,Sorgau
http://www.wikidata.org/entity/Q2307038,Spansberg
http://www.wikidata.org/entity/Q2379067,Särichen
http://www.wikidata.org/entity/Q2379909,Sönitz
http://www.wikidata.org/entity/Q2538540,Wachwitz
http://www.wikidata.org/entity/Q2696708,Friedersdorf
http://www.wikidata.org/entity/Q4373411,Niederjahna
http://www.wikidata.org/entity/Q12353612,Papstdorf
http://www.wikidata.org/entity/Q15057419,Leupoldishain
http://www.wikidata.org/entity/Q15058197,Nöthnitz
http://www.wikidata.org/entity/Q15980094,Burkartshain
http://www.wikidata.org/entity/Q16294645,Serka
http://www.wikidata.org/entity/Q17592347,Skäßchen
http://www.wikidata.org/entity/Q19787655,Nauleis
http://www.wikidata.org/entity/Q21039825,Aschershain
http://www.wikidata.org/entity/Q21402288,Meinitz
http://www.wikidata.org/entity/Q22692656,Korpitzsch
http://www.wikidata.org/entity/Q22693550,Queckhain
http://www.wikidata.org/entity/Q22693713,Salbitz
http://www.wikidata.org/entity/Q25158422,Skaup
http://www.wikidata.org/entity/Q26254931,Droßkau
http://www.wikidata.org/entity/Q26254954,Löbnitz-Bennewitz
http://www.wikidata.org/entity/Q27479102,Langenrinne
http://www.wikidata.org/entity/Q52589183,Christgrün (Pöhl)
http://www.wikidata.org/entity/Q8931,Klotzsche
http://www.wikidata.org/entity/Q8943,Mockritz
http://www.wikidata.org/entity/Q8957,Zschertnitz
http://www.wikidata.org/entity/Q10779,Zwenkau
http://www.wikidata.org/entity/Q10780,Grimma
http://www.wikidata.org/entity/Q16041,Cavertitz
http://www.wikidata.org/entity/Q46789,Pöhl
http://www.wikidata.org/entity/Q46843,Auerbach/Vogtl.
http://www.wikidata.org/entity/Q46903,Schöneck/Vogtland
http://www.wikidata.org/entity/Q57765,Gornsdorf
http://www.wikidata.org/entity/Q71064,Weißenborn/Erzgeb.
http://www.wikidata.org/entity/Q71137,Lunzenau
http://www.wikidata.org/entity/Q71148,Roßwein
http://www.wikidata.org/entity/Q71163,Döbeln
http://www.wikidata.org/entity/Q81756,Wilthen
http://www.wikidata.org/entity/Q93273,Oßling
http://www.wikidata.org/entity/Q110653,Unkersdorf
http://www.wikidata.org/entity/Q159916,Kleinwelka
http://www.wikidata.org/entity/Q160429,Sdier
http://www.wikidata.org/entity/Q160437,Gränze
http://www.wikidata.org/entity/Q160608,Cunnewitz
http://www.wikidata.org/entity/Q160693,Caseritz
http://www.wikidata.org/entity/Q160777,Wetro
http://www.wikidata.org/entity/Q160842,Niesendorf
http://www.wikidata.org/entity/Q160994,Purschwitz
http://www.wikidata.org/entity/Q165140,Herrnhut
http://www.wikidata.org/entity/Q184336,Zedtlitz
http://www.wikidata.org/entity/Q227230,Zscheila
http://www.wikidata.org/entity/Q285990,Berreuth
http://www.wikidata.org/entity/Q314478,Kloster Altzella
http://www.wikidata.org/entity/Q442884,Altmörbitz
http://www.wikidata.org/entity/Q445282,Altscherbitz
http://www.wikidata.org/entity/Q570161,Ansprung
http://www.wikidata.org/entity/Q631108,Nerchau
http://www.wikidata.org/entity/Q810909,Battaune
http://www.wikidata.org/entity/Q814515,Behlitz
http://www.wikidata.org/entity/Q873262,Eutritzsch
http://www.wikidata.org/entity/Q889293,Bockwa
http://www.wikidata.org/entity/Q894422,Bosewitz
http://www.wikidata.org/entity/Q896356,Connewitz
http://www.wikidata.org/entity/Q995726,Bröhsen
http://www.wikidata.org/entity/Q1025890,Cainsdorf
http://www.wikidata.org/entity/Q1270365,Dänkritz
http://www.wikidata.org/entity/Q1270923,Döbra
http://www.wikidata.org/entity/Q1316701,Rottwerndorf
http://www.wikidata.org/entity/Q1390723,Albrechtshain
http://www.wikidata.org/entity/Q1496329,Gautzsch
http://www.wikidata.org/entity/Q1535409,Kühnitzsch
http://www.wikidata.org/entity/Q1536718,Goltzscha
http://www.wikidata.org/entity/Q1538647,Gostritz
http://www.wikidata.org/entity/Q1549768,Großwelka
http://www.wikidata.org/entity/Q1601241,Heinzebank
http://www.wikidata.org/entity/Q1601682,Helbigsdorf-Blankenstein
http://www.wikidata.org/entity/Q1622300,Spechtritz
http://www.wikidata.org/entity/Q1625522,Holzhau
http://www.wikidata.org/entity/Q1634789,Liptitz
http://www.wikidata.org/entity/Q1637647,Hundshübel
http://www.wikidata.org/entity/Q1652552,Hüttelsgrün
http://www.wikidata.org/entity/Q1695311,Kettewitz
http://www.wikidata.org/entity/Q1788008,Langenhessen
http://www.wikidata.org/entity/Q1872784,Lubachau
http://www.wikidata.org/entity/Q1911871,Mautitz
http://www.wikidata.org/entity/Q1921776,Merka
http://www.wikidata.org/entity/Q1942956,Mohsdorf
http://www.wikidata.org/entity/Q1977351,Nennigmühle
http://www.wikidata.org/entity/Q2179326,Röderau-Bobersen
http://www.wikidata.org/entity/Q10379878,Glaubnitz
http://www.wikidata.org/entity/Q10770636,Preske
http://www.wikidata.org/entity/Q15057041,Kleinfriesen
http://www.wikidata.org/entity/Q15057265,Köllmichen
http://www.wikidata.org/entity/Q15058113,Neuseußlitz
http://www.wikidata.org/entity/Q15060669,Unterlosa
http://www.wikidata.org/entity/Q15823795,Kleinbardau
http://www.wikidata.org/entity/Q15980197,Zschackwitz
http://www.wikidata.org/entity/Q16294556,Schmorditz
http://www.wikidata.org/entity/Q17325991,Röderau
http://www.wikidata.org/entity/Q19835079,Baarsdorf
http://www.wikidata.org/entity/Q19965057,Kobeln
http://www.wikidata.org/entity/Q19965244,Roitzschjora
http://www.wikidata.org/entity/Q20855979,Gadewitz
http://www.wikidata.org/entity/Q21039783,Redemitz
http://www.wikidata.org/entity/Q22691194,Arnsdorf
http://www.wikidata.org/entity/Q22691579,Clennen
http://www.wikidata.org/entity/Q22691879,Fischendorf
http://www.wikidata.org/entity/Q22692079,Greifenhain
http://www.wikidata.org/entity/Q22692664,Kralapp
http://www.wikidata.org/entity/Q22692672,Kreinitz
http://www.wikidata.org/entity/Q22692812,Leutenhain
http://www.wikidata.org/entity/Q23995966,Treugeböhla
http://www.wikidata.org/entity/Q26254953,Saasdorf
http://www.wikidata.org/entity/Q27116216,Neustruppen
http://www.wikidata.org/entity/Q28057128,Neulauba
http://www.wikidata.org/entity/Q38512334,Obermylau
http://www.wikidata.org/entity/Q39446845,Roitzsch
http://www.wikidata.org/entity/Q47015230,Weßnitz
http://www.wikidata.org/entity/Q47090816,Nickritz
http://www.wikidata.org/entity/Q47097330,Oelsitz
http://www.wikidata.org/entity/Q47374899,Gösau
http://www.wikidata.org/entity/Q55080544,Seifersbach
http://www.wikidata.org/entity/Q6438,Bahretal
http://www.wikidata.org/entity/Q8939,Loschwitz
http://www.wikidata.org/entity/Q10745,Borsdorf
http://www.wikidata.org/entity/Q10759,Thallwitz
http://www.wikidata.org/entity/Q10762,Colditz
http://www.wikidata.org/entity/Q10774,Regis-Breitingen
http://www.wikidata.org/entity/Q10782,Markkleeberg
http://www.wikidata.org/entity/Q46766,Mühlental
http://www.wikidata.org/entity/Q57881,Eibenstock
http://www.wikidata.org/entity/Q57903,Johanngeorgenstadt
http://www.wikidata.org/entity/Q57908,Jöhstadt
http://www.wikidata.org/entity/Q70949,Eppendorf
http://www.wikidata.org/entity/Q71159,Brand-Erbisdorf
http://www.wikidata.org/entity/Q93225,Cunewalde
http://www.wikidata.org/entity/Q160426,Georgewitz
http://www.wikidata.org/entity/Q160523,Seitschen
http://www.wikidata.org/entity/Q160533,Briesing
http://www.wikidata.org/entity/Q160537,Kottmarsdorf
http://www.wikidata.org/entity/Q160801,Wuischke
http://www.wikidata.org/entity/Q162561,Nochten
http://www.wikidata.org/entity/Q162600,Mühlrose
http://www.wikidata.org/entity/Q162642,Kumschütz
http://www.wikidata.org/entity/Q162690,Steindörfel
http://www.wikidata.org/entity/Q206738,Zitzschen
http://www.wikidata.org/entity/Q227216,Zschadraß
http://www.wikidata.org/entity/Q227297,Zschortau
http://www.wikidata.org/entity/Q232980,Zweinaundorf
http://www.wikidata.org/entity/Q316159,Wiederau
http://www.wikidata.org/entity/Q502520,Dürrhennersdorf
http://www.wikidata.org/entity/Q504898,Liebersee
http://www.wikidata.org/entity/Q506096,Königshain
http://www.wikidata.org/entity/Q697455,Arnsfeld
http://www.wikidata.org/entity/Q784543,Authausen
http://www.wikidata.org/entity/Q814665,Beierfeld
http://www.wikidata.org/entity/Q896514,Brabschütz
http://www.wikidata.org/entity/Q898381,Brandvorwerk
http://www.wikidata.org/entity/Q923608,Brockau
http://www.wikidata.org/entity/Q1167976,Kötzschenbroda
http://www.wikidata.org/entity/Q1206184,Deutschkatharinenberg
http://www.wikidata.org/entity/Q1246226,Oberneuschönberg
http://www.wikidata.org/entity/Q1271055,Dölitz
http://www.wikidata.org/entity/Q1313431,Hohenheida
http://www.wikidata.org/entity/Q1410345,Trages
http://www.wikidata.org/entity/Q1412653,Globenstein
http://www.wikidata.org/entity/Q1453194,Fuchshain
http://www.wikidata.org/entity/Q1454342,Pehritzsch
http://www.wikidata.org/entity/Q1455112,Fremdiswalde
http://www.wikidata.org/entity/Q1474522,Niederpöbel
http://www.wikidata.org/entity/Q1506750,Liebertwolkwitz
http://www.wikidata.org/entity/Q1512058,Wüstenbrand
http://www.wikidata.org/entity/Q1531064,Quasnitz
http://www.wikidata.org/entity/Q1531909,Großdeuben
http://www.wikidata.org/entity/Q1532459,Scharre
http://www.wikidata.org/entity/Q1534523,Golberode
http://www.wikidata.org/entity/Q1536745,Golzern
http://www.wikidata.org/entity/Q1592241,Seegeritz
http://www.wikidata.org/entity/Q1630590,Hosterwitz
http://www.wikidata.org/entity/Q1660265,Wüstenhain
http://www.wikidata.org/entity/Q1668312,Kleinwolmsdorf
http://www.wikidata.org/entity/Q1669089,Langenwolmsdorf
http://www.wikidata.org/entity/Q1678568,Jahnshain
http://www.wikidata.org/entity/Q1746825,Kleinhartmannsdorf
http://www.wikidata.org/entity/Q1792915,Kupsal
http://www.wikidata.org/entity/Q1793327,Packisch
http://www.wikidata.org/entity/Q1805089,Langenreichenbach
http://www.wikidata.org/entity/Q1979922,Neueibau
http://www.wikidata.org/entity/Q1987588,Niederarnsdorf
http://www.wikidata.org/entity/Q1987994,Niederlauterstein
http://www.wikidata.org/entity/Q2010877,Oberschmiedeberg
http://www.wikidata.org/entity/Q2119377,Putzkau
http://www.wikidata.org/entity/Q2179295,Röcknitz
http://www.wikidata.org/entity/Q2216045,Salzenforst-Bolbritz
http://www.wikidata.org/entity/Q2227645,Saupersdorf
http://www.wikidata.org/entity/Q2266363,Sehlis
http://www.wikidata.org/entity/Q2541830,Waldsachsen
http://www.wikidata.org/entity/Q12348692,Halbestadt
http://www.wikidata.org/entity/Q15056482,Göttwitz
http://www.wikidata.org/entity/Q15056892,Jeesewitz
http://www.wikidata.org/entity/Q16320795,Schaddel
http://www.wikidata.org/entity/Q19965040,Hohnbach
http://www.wikidata.org/entity/Q20825716,Auerswalde
http://www.wikidata.org/entity/Q21027134,Diedenhain
http://www.wikidata.org/entity/Q22691675,Dobernitz
http://www.wikidata.org/entity/Q22691678,Doberschwitz
http://www.wikidata.org/entity/Q22692293,Hetzdorf
http://www.wikidata.org/entity/Q22692560,Kieselbach
http://www.wikidata.org/entity/Q22692615,Klosterbuch
http://www.wikidata.org/entity/Q22692873,Lonnewitz
http://www.wikidata.org/entity/Q22694687,Wyhratal
http://www.wikidata.org/entity/Q23559629,Aitzendorf
http://www.wikidata.org/entity/Q26254930,Obertitz
http://www.wikidata.org/entity/Q26836885,Nehmitz
http://www.wikidata.org/entity/Q26836887,Zscheppa
http://www.wikidata.org/entity/Q27869681,Landesgemeinde
http://www.wikidata.org/entity/Q28051772,Quittenbach
http://www.wikidata.org/entity/Q43109326,Niederwinkel
http://www.wikidata.org/entity/Q52159660,Herlasgrün
http://www.wikidata.org/entity/Q52167746,Crotenlaide
http://www.wikidata.org/entity/Q55340540,Boblitz
http://www.wikidata.org/entity/Q56012775,Rodlera
http://www.wikidata.org/entity/Q2079,Leipzig
http://www.wikidata.org/entity/Q8944,Omsewitz
http://www.wikidata.org/entity/Q8946,Pillnitz
http://www.wikidata.org/entity/Q8956,Weißer Hirsch
http://www.wikidata.org/entity/Q10750,Großpösna
http://www.wikidata.org/entity/Q10770,Markranstädt
http://www.wikidata.org/entity/Q10776,Rötha
http://www.wikidata.org/entity/Q10777,Trebsen/Mulde
http://www.wikidata.org/entity/Q16054,Liebschützberg
http://www.wikidata.org/entity/Q17114,Crinitzberg
http://www.wikidata.org/entity/Q20071,Glauchau
http://www.wikidata.org/entity/Q57753,Erlbach-Kirchberg
http://www.wikidata.org/entity/Q57776,Grünhainichen
http://www.wikidata.org/entity/Q57857,Zschorlau
http://www.wikidata.org/entity/Q57953,Schwarzenberg/Erzgeb.
http://www.wikidata.org/entity/Q70934,Altmittweida
http://www.wikidata.org/entity/Q71076,Zschaitz-Ottewig
http://www.wikidata.org/entity/Q71133,Leisnig
http://www.wikidata.org/entity/Q81739,Königsbrück
http://www.wikidata.org/entity/Q93239,Großnaundorf
http://www.wikidata.org/entity/Q93272,Ohorn
http://www.wikidata.org/entity/Q160022,Hinterhermsdorf
http://www.wikidata.org/entity/Q196855,Zethau
http://www.wikidata.org/entity/Q440751,Althen
http://www.wikidata.org/entity/Q636338,Neuwernsdorf
http://www.wikidata.org/entity/Q668396,Mutzschen
http://www.wikidata.org/entity/Q850752,Beucha
http://www.wikidata.org/entity/Q870105,Oberfrauendorf
http://www.wikidata.org/entity/Q879866,Leutzsch
http://www.wikidata.org/entity/Q890863,Bohnitzsch
http://www.wikidata.org/entity/Q1019118,Bärenhecke
http://www.wikidata.org/entity/Q1112163,Knautkleeberg
http://www.wikidata.org/entity/Q1144002,Cunnersdorf
http://www.wikidata.org/entity/Q1144008,Cunnertswalde
http://www.wikidata.org/entity/Q1149991,Cämmerswalde
http://www.wikidata.org/entity/Q1230076,Rippien
http://www.wikidata.org/entity/Q1230404,Dittmannsdorf
http://www.wikidata.org/entity/Q1236431,Dolsenhain
http://www.wikidata.org/entity/Q1252764,Räcknitz
http://www.wikidata.org/entity/Q1428338,Mockethal
http://www.wikidata.org/entity/Q1428358,Flickert
http://www.wikidata.org/entity/Q1463280,Mölbis
http://www.wikidata.org/entity/Q1549593,Großsteinberg
http://www.wikidata.org/entity/Q1552982,Stöntzsch
http://www.wikidata.org/entity/Q1559241,Göhrenz
http://www.wikidata.org/entity/Q1567971,Löthain
http://www.wikidata.org/entity/Q1614215,Probstheida
http://www.wikidata.org/entity/Q1619117,Himmelhartha
http://www.wikidata.org/entity/Q1674903,Oberwartha
http://www.wikidata.org/entity/Q1737368,Kleinneuschönberg
http://www.wikidata.org/entity/Q1754470,Wahnsdorf
http://www.wikidata.org/entity/Q1777922,Kobitzsch
http://www.wikidata.org/entity/Q1800578,Lückersdorf
http://www.wikidata.org/entity/Q1808486,Lauschka
http://www.wikidata.org/entity/Q1877492,Lungkwitz
http://www.wikidata.org/entity/Q1879617,Löbtau
http://www.wikidata.org/entity/Q1953406,Munzig
http://www.wikidata.org/entity/Q2010485,Obernaundorf
http://www.wikidata.org/entity/Q2064381,Paunsdorf
http://www.wikidata.org/entity/Q2100824,Poischwitz
http://www.wikidata.org/entity/Q2210771,Sacka
http://www.wikidata.org/entity/Q2211164,Sadisdorf
http://www.wikidata.org/entity/Q2251323,Schullwitz
http://www.wikidata.org/entity/Q2497722,Unterheinsdorf
http://www.wikidata.org/entity/Q2547004,Waltersdorf
http://www.wikidata.org/entity/Q2637402,Albernau
http://www.wikidata.org/entity/Q2702195,Gottscheina
http://www.wikidata.org/entity/Q3681059,Schletta
http://www.wikidata.org/entity/Q14520175,Augustusbad
http://www.wikidata.org/entity/Q14541259,Seifertshain
http://www.wikidata.org/entity/Q14912881,Motterwitz
http://www.wikidata.org/entity/Q15062165,Zschoppach
http://www.wikidata.org/entity/Q15109853,Draschwitz
http://www.wikidata.org/entity/Q15126769,Saalig
http://www.wikidata.org/entity/Q15846945,Schönerstädt
http://www.wikidata.org/entity/Q16064838,Gornewitz
http://www.wikidata.org/entity/Q16294516,Schkortitz
http://www.wikidata.org/entity/Q18923257,Mausitz
http://www.wikidata.org/entity/Q19284382,Großdalzig
http://www.wikidata.org/entity/Q19834471,Altleis
http://www.wikidata.org/entity/Q19835273,Baßlitz
http://www.wikidata.org/entity/Q19965118,Medessen
http://www.wikidata.org/entity/Q21039780,Zschörnewitz
http://www.wikidata.org/entity/Q22692813,Leuterwitz
http://www.wikidata.org/entity/Q22693506,Polkenberg
http://www.wikidata.org/entity/Q22693649,Roda
http://www.wikidata.org/entity/Q22693707,Rüx
http://www.wikidata.org/entity/Q22693945,Sitten
http://www.wikidata.org/entity/Q22694336,Tragnitz
http://www.wikidata.org/entity/Q22694724,Zollschwitz
http://www.wikidata.org/entity/Q26254863,Wolfspfütz
http://www.wikidata.org/entity/Q26271445,Wildenhain
http://www.wikidata.org/entity/Q27479037,Wegefarth
http://www.wikidata.org/entity/Q27479038,Postelwitz
http://www.wikidata.org/entity/Q27983183,Oberzwota
http://www.wikidata.org/entity/Q28089444,Brunndöbra
http://www.wikidata.org/entity/Q46285849,Folbern
http://www.wikidata.org/entity/Q46998951,Mergendorf
http://www.wikidata.org/entity/Q47160225,Mülbitz
http://www.wikidata.org/entity/Q65183296,Dittersdorf
http://www.wikidata.org/entity/Q2795,Chemnitz
http://www.wikidata.org/entity/Q6715,Heidenau
http://www.wikidata.org/entity/Q8714,Großenhain
http://www.wikidata.org/entity/Q8888,Altfranken
http://www.wikidata.org/entity/Q8891,Schönfeld-Weißig
http://www.wikidata.org/entity/Q16047,Jesewitz
http://www.wikidata.org/entity/Q16072,Zschepplin
http://www.wikidata.org/entity/Q17116,Fraureuth
http://www.wikidata.org/entity/Q46875,Markneukirchen
http://www.wikidata.org/entity/Q46880,Mühltroff
http://www.wikidata.org/entity/Q57769,Großolbersdorf
http://www.wikidata.org/entity/Q57891,Geyer
http://www.wikidata.org/entity/Q57926,Oberwiesenthal
http://www.wikidata.org/entity/Q70964,Halsbrücke
http://www.wikidata.org/entity/Q71090,Augustusburg
http://www.wikidata.org/entity/Q71104,Frankenberg/Sa.
http://www.wikidata.org/entity/Q81760,Wittichenau
http://www.wikidata.org/entity/Q93250,Königswartha
http://www.wikidata.org/entity/Q93258,Lohsa
http://www.wikidata.org/entity/Q93285,Räckelwitz
http://www.wikidata.org/entity/Q93286,Radibor
http://www.wikidata.org/entity/Q93295,Sohland an der Spree
http://www.wikidata.org/entity/Q126395,Weltewitz
http://www.wikidata.org/entity/Q160228,Altliebel
http://www.wikidata.org/entity/Q160393,Knappenrode
http://www.wikidata.org/entity/Q160548,Droben
http://www.wikidata.org/entity/Q160550,Melaune
http://www.wikidata.org/entity/Q160553,Cosul
http://www.wikidata.org/entity/Q160564,Rackel
http://www.wikidata.org/entity/Q160807,Kaschel
http://www.wikidata.org/entity/Q160809,Prischwitz
http://www.wikidata.org/entity/Q160815,Taubenheim/Spree
http://www.wikidata.org/entity/Q160855,Zockau
http://www.wikidata.org/entity/Q160858,Plotzen
http://www.wikidata.org/entity/Q160961,Mönau
http://www.wikidata.org/entity/Q161000,Skaska
http://www.wikidata.org/entity/Q161023,Daranitz
http://www.wikidata.org/entity/Q162670,Brohna
http://www.wikidata.org/entity/Q227243,Zschernitz
http://www.wikidata.org/entity/Q227250,Zschiedge
http://www.wikidata.org/entity/Q227264,Zschocken
http://www.wikidata.org/entity/Q365234,Adolfshütte
http://www.wikidata.org/entity/Q502461,Bertsdorf-Hörnitz
http://www.wikidata.org/entity/Q550212,Heyersdorf
http://www.wikidata.org/entity/Q573537,Syrau
http://www.wikidata.org/entity/Q663464,Altranstädt
http://www.wikidata.org/entity/Q813754,Beckwitz
http://www.wikidata.org/entity/Q1136227,Cospuden
http://www.wikidata.org/entity/Q1250159,Schmeckwitz
http://www.wikidata.org/entity/Q1260970,Niederossig
http://www.wikidata.org/entity/Q1272247,Dürrwicknitz
http://www.wikidata.org/entity/Q1284100,Mutschlena
http://www.wikidata.org/entity/Q1284571,Rittersgrün
http://www.wikidata.org/entity/Q1404895,Serkowitz
http://www.wikidata.org/entity/Q1415549,Piestel
http://www.wikidata.org/entity/Q1512389,Wellaune
http://www.wikidata.org/entity/Q1524383,Reukersdorf
http://www.wikidata.org/entity/Q1555079,Gunzen
http://www.wikidata.org/entity/Q1616522,Heuscheune
http://www.wikidata.org/entity/Q1617429,Niederhohndorf
http://www.wikidata.org/entity/Q1623165,Hoflößnitz
http://www.wikidata.org/entity/Q1785469,Kottengrün
http://www.wikidata.org/entity/Q1793228,Kursdorf
http://www.wikidata.org/entity/Q1865520,Litschen
http://www.wikidata.org/entity/Q1880205,Lückendorf
http://www.wikidata.org/entity/Q1911137,Mauna
http://www.wikidata.org/entity/Q1995393,Noes
http://www.wikidata.org/entity/Q2009868,Oberhohndorf
http://www.wikidata.org/entity/Q2010976,Oberseiffenbach
http://www.wikidata.org/entity/Q2290723,Sitzenroda
http://www.wikidata.org/entity/Q2475187,Ullendorf
http://www.wikidata.org/entity/Q2530434,Voigtlaide
http://www.wikidata.org/entity/Q2596475,Wörblitz
http://www.wikidata.org/entity/Q2799777,Schlauroth
http://www.wikidata.org/entity/Q10719651,Kreckwitz
http://www.wikidata.org/entity/Q10727184,Luttowitz
http://www.wikidata.org/entity/Q10773331,Preuschwitz
http://www.wikidata.org/entity/Q10780060,Dreistern
http://www.wikidata.org/entity/Q15056905,Jugelsburg
http://www.wikidata.org/entity/Q15134838,Wetteritz
http://www.wikidata.org/entity/Q17517401,Jiedlitz
http://www.wikidata.org/entity/Q18672392,Ebendörfel
http://www.wikidata.org/entity/Q18814282,Kleindalzig
http://www.wikidata.org/entity/Q19679393,Basankwitz
http://www.wikidata.org/entity/Q20184143,Gertitz
http://www.wikidata.org/entity/Q20184157,Glesien
http://www.wikidata.org/entity/Q20686345,Kmehlen
http://www.wikidata.org/entity/Q20850848,Werben
http://www.wikidata.org/entity/Q26254925,Remtengrün
http://www.wikidata.org/entity/Q26897727,Mittelleutersdorf
http://www.wikidata.org/entity/Q27479035,Kleinschirma
http://www.wikidata.org/entity/Q27479141,Neuleutersdorf
http://www.wikidata.org/entity/Q27890127,Hetzschen
http://www.wikidata.org/entity/Q28124894,Altscheidenbach
http://www.wikidata.org/entity/Q29914158,Zaasch
http://www.wikidata.org/entity/Q32721172,Räckelwitz
http://www.wikidata.org/entity/Q41463652,Rattwitz
http://www.wikidata.org/entity/Q43307712,Kleinthiemig
http://www.wikidata.org/entity/Q6307,Bad Gottleuba-Berggießhübel
http://www.wikidata.org/entity/Q6477,Pirna
http://www.wikidata.org/entity/Q6685,Dorfhain
http://www.wikidata.org/entity/Q8726,Klipphausen
http://www.wikidata.org/entity/Q8759,Priestewitz
http://www.wikidata.org/entity/Q10756,Otterwisch
http://www.wikidata.org/entity/Q10760,Brandis
http://www.wikidata.org/entity/Q10768,Kitzscher
http://www.wikidata.org/entity/Q12050,Taucha
http://www.wikidata.org/entity/Q16046,Elsnig
http://www.wikidata.org/entity/Q16065,Schönwölkau
http://www.wikidata.org/entity/Q46742,Bösenbrunn
http://www.wikidata.org/entity/Q57842,Stützengrün
http://www.wikidata.org/entity/Q57993,Thalheim/Erzgeb.
http://www.wikidata.org/entity/Q58002,Zwönitz
http://www.wikidata.org/entity/Q71002,Mochau
http://www.wikidata.org/entity/Q71170,Mittweida
http://www.wikidata.org/entity/Q93240,Großpostwitz
http://www.wikidata.org/entity/Q136744,Zabeltitz
http://www.wikidata.org/entity/Q160461,Burghammer
http://www.wikidata.org/entity/Q160465,Peschen
http://www.wikidata.org/entity/Q160507,Köbeln
http://www.wikidata.org/entity/Q160662,Suppo
http://www.wikidata.org/entity/Q160965,Saalau
http://www.wikidata.org/entity/Q165134,Bernstadt a. d. Eigen
http://www.wikidata.org/entity/Q165160,Niesky
http://www.wikidata.org/entity/Q245142,Zwuschwitz
http://www.wikidata.org/entity/Q432952,Alt-Leuteritz
http://www.wikidata.org/entity/Q437016,Altendorf
http://www.wikidata.org/entity/Q502478,Quitzdorf am See
http://www.wikidata.org/entity/Q502493,Hainewalde
http://www.wikidata.org/entity/Q537813,Anger-Crottendorf
http://www.wikidata.org/entity/Q572601,Ruhland
http://www.wikidata.org/entity/Q679009,Albrechtsburg
http://www.wikidata.org/entity/Q786808,Gottgetreu
http://www.wikidata.org/entity/Q906364,Breitenhof
http://www.wikidata.org/entity/Q1168077,Sürßen
http://www.wikidata.org/entity/Q1201950,Deutsch Ossig
http://www.wikidata.org/entity/Q1221231,Diera
http://www.wikidata.org/entity/Q1255899,Drausendorf
http://www.wikidata.org/entity/Q1258206,Dreiweibern
http://www.wikidata.org/entity/Q1269395,Klinga
http://www.wikidata.org/entity/Q1276308,Grottewitz
http://www.wikidata.org/entity/Q1283880,Kunnerwitz
http://www.wikidata.org/entity/Q1319247,Oberhermersdorf
http://www.wikidata.org/entity/Q1373691,Eula
http://www.wikidata.org/entity/Q1397200,Strelln
http://www.wikidata.org/entity/Q1451143,Großokrilla
http://www.wikidata.org/entity/Q1479919,Fördergersdorf
http://www.wikidata.org/entity/Q1548104,Großdittmannsdorf
http://www.wikidata.org/entity/Q1549362,Großkagen
http://www.wikidata.org/entity/Q1559387,Gönnsdorf
http://www.wikidata.org/entity/Q1593631,Heeselicht
http://www.wikidata.org/entity/Q1618873,Hilmersdorf
http://www.wikidata.org/entity/Q1619704,Hintergersdorf
http://www.wikidata.org/entity/Q1631805,Kemtau
http://www.wikidata.org/entity/Q1658698,Ilkendorf
http://www.wikidata.org/entity/Q1678550,Jahna-Kagen
http://www.wikidata.org/entity/Q1773962,Kleinzadel
http://www.wikidata.org/entity/Q1790176,Krummenhennersdorf
http://www.wikidata.org/entity/Q1804800,Landwüst
http://www.wikidata.org/entity/Q1872703,Loßwig
http://www.wikidata.org/entity/Q2006839,Nössige
http://www.wikidata.org/entity/Q2009900,Oberhäslich
http://www.wikidata.org/entity/Q2009934,Oberjahna
http://www.wikidata.org/entity/Q2010401,Obermeisa
http://www.wikidata.org/entity/Q2064479,Pauschütz
http://www.wikidata.org/entity/Q2095868,Pinkowitz
http://www.wikidata.org/entity/Q2120701,Pölbitz
http://www.wikidata.org/entity/Q2133540,Rauschwalde
http://www.wikidata.org/entity/Q2145127,Reppina
http://www.wikidata.org/entity/Q2145138,Reppis
http://www.wikidata.org/entity/Q2284031,Siegmar-Schönau
http://www.wikidata.org/entity/Q2360550,Stöhna
http://www.wikidata.org/entity/Q2379589,Söbrigen
http://www.wikidata.org/entity/Q2416534,Theisewitz
http://www.wikidata.org/entity/Q2447490,Trachenberge
http://www.wikidata.org/entity/Q2556659,Weitersglashütte
http://www.wikidata.org/entity/Q14944152,Diesbar-Seußlitz
http://www.wikidata.org/entity/Q15058825,Praterschütz
http://www.wikidata.org/entity/Q15109448,Dobschütz
http://www.wikidata.org/entity/Q15134877,Wiedersberg
http://www.wikidata.org/entity/Q16319626,Kleinbothen
http://www.wikidata.org/entity/Q20184118,Gerbisdorf
http://www.wikidata.org/entity/Q20646059,Zschepplitz
http://www.wikidata.org/entity/Q20791736,Wendishain
http://www.wikidata.org/entity/Q21039601,Mechelgrün
http://www.wikidata.org/entity/Q22693753,Scheergrund
http://www.wikidata.org/entity/Q25158377,Ramsdorf
http://www.wikidata.org/entity/Q26254832,Lippendorf-Kieritzsch
http://www.wikidata.org/entity/Q26254834,Fichtigsthal
http://www.wikidata.org/entity/Q26836847,Methewitz
http://www.wikidata.org/entity/Q27479052,Nentmannsdorf
http://www.wikidata.org/entity/Q27479110,Langhennersdorf
http://www.wikidata.org/entity/Q27479254,Grünlichtenberg
http://www.wikidata.org/entity/Q28936913,Altrottmannsdorf
http://www.wikidata.org/entity/Q51248688,Pochra
http://www.wikidata.org/entity/Q54339451,Göhlis
http://www.wikidata.org/entity/Q4077,Görlitz
http://www.wikidata.org/entity/Q5423,Auritz
http://www.wikidata.org/entity/Q12058,Schkeuditz
http://www.wikidata.org/entity/Q16044,Dreiheide
http://www.wikidata.org/entity/Q16051,Laußig
http://www.wikidata.org/entity/Q16058,Mockrehna
http://www.wikidata.org/entity/Q16061,Neukyhna
http://www.wikidata.org/entity/Q17126,Oberwiera
http://www.wikidata.org/entity/Q20087,Wildenfels
http://www.wikidata.org/entity/Q57828,Schönheide
http://www.wikidata.org/entity/Q81735,Elstra
http://www.wikidata.org/entity/Q93243,Guttau
http://www.wikidata.org/entity/Q93268,Neukirch
http://www.wikidata.org/entity/Q157200,Zittau
http://www.wikidata.org/entity/Q159867,Wehrsdorf
http://www.wikidata.org/entity/Q159869,Kollm
http://www.wikidata.org/entity/Q160130,Storcha
http://www.wikidata.org/entity/Q160203,Podrosche
http://www.wikidata.org/entity/Q160212,Straßgräbchen
http://www.wikidata.org/entity/Q160462,Preititz
http://www.wikidata.org/entity/Q160468,Großhänchen
http://www.wikidata.org/entity/Q160526,Pließkowitz
http://www.wikidata.org/entity/Q160555,Wendischbaselitz
http://www.wikidata.org/entity/Q160588,Ralbitz
http://www.wikidata.org/entity/Q160658,Quolsdorf
http://www.wikidata.org/entity/Q160784,Guhra
http://www.wikidata.org/entity/Q160822,Blösa
http://www.wikidata.org/entity/Q160966,Pottschapplitz
http://www.wikidata.org/entity/Q161020,Bellwitz
http://www.wikidata.org/entity/Q161026,Tiegling
http://www.wikidata.org/entity/Q162577,Mulkwitz
http://www.wikidata.org/entity/Q162696,Sprey
http://www.wikidata.org/entity/Q162706,Kohlwesa
http://www.wikidata.org/entity/Q165159,Krappe
http://www.wikidata.org/entity/Q177052,Hohenbocka
http://www.wikidata.org/entity/Q184802,Zeidler
http://www.wikidata.org/entity/Q200957,Wöllmen
http://www.wikidata.org/entity/Q227272,Zschopenthal
http://www.wikidata.org/entity/Q502484,Hohendubrau
http://www.wikidata.org/entity/Q510509,Muldenhütten
http://www.wikidata.org/entity/Q554941,Großtreben-Zwethau
http://www.wikidata.org/entity/Q582810,Lindenau
http://www.wikidata.org/entity/Q758699,Audenhain
http://www.wikidata.org/entity/Q1250286,Rothenfurth
http://www.wikidata.org/entity/Q1250576,Markersdorf
http://www.wikidata.org/entity/Q1256289,Drebligar
http://www.wikidata.org/entity/Q1261720,Dröschkau
http://www.wikidata.org/entity/Q1300978,Pressel
http://www.wikidata.org/entity/Q1373040,Lehelitz
http://www.wikidata.org/entity/Q1450820,Ammelgoßwitz
http://www.wikidata.org/entity/Q1537900,Gordemitz
http://www.wikidata.org/entity/Q1559571,Görschlitz
http://www.wikidata.org/entity/Q1671588,Leippe-Torno
http://www.wikidata.org/entity/Q1680666,Kötten
http://www.wikidata.org/entity/Q1698082,Neufriedersdorf
http://www.wikidata.org/entity/Q1737146,Kauppa
http://www.wikidata.org/entity/Q1785091,Kospa-Pressen
http://www.wikidata.org/entity/Q1798563,Lipsa
http://www.wikidata.org/entity/Q1815428,Leipgen
http://www.wikidata.org/entity/Q1823888,Liebethal
http://www.wikidata.org/entity/Q1910617,Spitzkunnersdorf
http://www.wikidata.org/entity/Q1917207,Mehderitzsch
http://www.wikidata.org/entity/Q1920867,Mensdorf
http://www.wikidata.org/entity/Q1982100,Neußen
http://www.wikidata.org/entity/Q1985165,Nichtewitz
http://www.wikidata.org/entity/Q2037621,Ottersitz
http://www.wikidata.org/entity/Q2210569,Sachsenberg-Georgenthal
http://www.wikidata.org/entity/Q2340979,Steinigt
http://www.wikidata.org/entity/Q2453060,Triestewitz
http://www.wikidata.org/entity/Q2555297,Weigmannsdorf-Müdisdorf
http://www.wikidata.org/entity/Q2557875,Welsau
http://www.wikidata.org/entity/Q10724335,Taschendorf
http://www.wikidata.org/entity/Q10726690,Liebegast
http://www.wikidata.org/entity/Q10787818,Tschaschwitz
http://www.wikidata.org/entity/Q15054539,Chrieschwitz
http://www.wikidata.org/entity/Q15059633,Röttis
http://www.wikidata.org/entity/Q15062172,Zwoschwitz
http://www.wikidata.org/entity/Q15715693,Bertsdorf
http://www.wikidata.org/entity/Q18672398,Neudorf/Spree
http://www.wikidata.org/entity/Q19965398,Wistauda
http://www.wikidata.org/entity/Q26271384,Waldkirchen
http://www.wikidata.org/entity/Q27479155,Radgendorf
http://www.wikidata.org/entity/Q29865798,Brischko
http://www.wikidata.org/entity/Q49892269,Veitenhäuser
http://www.wikidata.org/entity/Q50956054,Gansgrün
http://www.wikidata.org/entity/Q1731,Dresden
http://www.wikidata.org/entity/Q6392,Wurgwitz
http://www.wikidata.org/entity/Q8234,Rosenthal-Bielatal
http://www.wikidata.org/entity/Q8917,Großzschachwitz
http://www.wikidata.org/entity/Q8960,Eschdorf
http://www.wikidata.org/entity/Q10755,Neukieritzsch
http://www.wikidata.org/entity/Q12056,Oschatz
http://www.wikidata.org/entity/Q14819,Freiberg
http://www.wikidata.org/entity/Q17130,St. Egidien
http://www.wikidata.org/entity/Q20083,Meerane
http://www.wikidata.org/entity/Q46760,Heinsdorfergrund
http://www.wikidata.org/entity/Q46784,Neustadt/Vogtl.
http://www.wikidata.org/entity/Q46801,Steinberg
http://www.wikidata.org/entity/Q46828,Zwota
http://www.wikidata.org/entity/Q57720,Bockau
http://www.wikidata.org/entity/Q58022,Pobershau
http://www.wikidata.org/entity/Q70961,Großweitzschen
http://www.wikidata.org/entity/Q71154,Waldheim
http://www.wikidata.org/entity/Q93232,Göda
http://www.wikidata.org/entity/Q93271,Obergurig
http://www.wikidata.org/entity/Q160235,Reichwalde
http://www.wikidata.org/entity/Q160389,Zschornau-Schiedel
http://www.wikidata.org/entity/Q160611,Döbschke
http://www.wikidata.org/entity/Q160621,Göbeln
http://www.wikidata.org/entity/Q160625,Kleinbautzen
http://www.wikidata.org/entity/Q160674,Spohla
http://www.wikidata.org/entity/Q160690,Dreikretscham
http://www.wikidata.org/entity/Q160760,Kuppritz
http://www.wikidata.org/entity/Q160865,Rodewitz/Spree
http://www.wikidata.org/entity/Q160973,Trebus
http://www.wikidata.org/entity/Q162683,Sandförstgen
http://www.wikidata.org/entity/Q184505,Zehista
http://www.wikidata.org/entity/Q560850,Großbothen
http://www.wikidata.org/entity/Q572568,Schirgiswalde
http://www.wikidata.org/entity/Q572589,Wiednitz
http://www.wikidata.org/entity/Q631428,Hohburg
http://www.wikidata.org/entity/Q697431,Arnsdorf-Hilbersdorf
http://www.wikidata.org/entity/Q797716,Babisnau
http://www.wikidata.org/entity/Q827807,Berthelsdorf
http://www.wikidata.org/entity/Q865549,Birkenhain
http://www.wikidata.org/entity/Q891271,Bolbritz
http://www.wikidata.org/entity/Q1016530,Burkhardswalde-Munzig
http://www.wikidata.org/entity/Q1019132,Bärenklause-Kautzsch
http://www.wikidata.org/entity/Q1019685,Böhlitz-Ehrenberg
http://www.wikidata.org/entity/Q1109887,Collm
http://www.wikidata.org/entity/Q1301189,Luptin
http://www.wikidata.org/entity/Q1375879,Taltitz
http://www.wikidata.org/entity/Q1378967,Eutschütz
http://www.wikidata.org/entity/Q1415303,Wittigsthal
http://www.wikidata.org/entity/Q1503991,Schleenhain
http://www.wikidata.org/entity/Q1514950,Stangengrün
http://www.wikidata.org/entity/Q1544494,Grechwitz
http://www.wikidata.org/entity/Q1604896,Holtendorf
http://www.wikidata.org/entity/Q1623766,Hohenossig
http://www.wikidata.org/entity/Q1623768,Hohenprießnitz
http://www.wikidata.org/entity/Q1631961,Obergruna
http://www.wikidata.org/entity/Q1718362,Niedermuschütz
http://www.wikidata.org/entity/Q1741267,Neukirchen-Wyhra
http://www.wikidata.org/entity/Q1745263,Köthensdorf
http://www.wikidata.org/entity/Q1748284,Scado
http://www.wikidata.org/entity/Q1773752,Krieschendorf
http://www.wikidata.org/entity/Q1789042,Krippen
http://www.wikidata.org/entity/Q1827495,Lippersdorf
http://www.wikidata.org/entity/Q1884893,Mahlis
http://www.wikidata.org/entity/Q1971944,Naundörfchen
http://www.wikidata.org/entity/Q1974659,Neidhardtsthal
http://www.wikidata.org/entity/Q1988334,Niederpfannenstiel
http://www.wikidata.org/entity/Q1988466,Niederseiffenbach
http://www.wikidata.org/entity/Q2010601,Oberpfannenstiel
http://www.wikidata.org/entity/Q2015095,Oelsnitz-Niegeroda
http://www.wikidata.org/entity/Q2049528,Panitzsch
http://www.wikidata.org/entity/Q2079779,Pethau
http://www.wikidata.org/entity/Q2105127,Portitz
http://www.wikidata.org/entity/Q2112285,Prohlis
http://www.wikidata.org/entity/Q2160060,Robschütz
http://www.wikidata.org/entity/Q2171376,Roßthal
http://www.wikidata.org/entity/Q2247943,Schneppendorf
http://www.wikidata.org/entity/Q2559207,Wendischbora
http://www.wikidata.org/entity/Q3681082,Priesa
http://www.wikidata.org/entity/Q10371788,Dahren
http://www.wikidata.org/entity/Q15058358,Pappendorf
http://www.wikidata.org/entity/Q15097090,Pötzscha
http://www.wikidata.org/entity/Q15638582,Pödelwitz
http://www.wikidata.org/entity/Q16319606,Keiselwitz
http://www.wikidata.org/entity/Q16319655,Kuckeland
http://www.wikidata.org/entity/Q19275564,Bobersen
http://www.wikidata.org/entity/Q21993033,Schwosdorf
http://www.wikidata.org/entity/Q22691412,Blumroda
http://www.wikidata.org/entity/Q22692059,Gorschmitz
http://www.wikidata.org/entity/Q27116179,Koppelsdorf
http://www.wikidata.org/entity/Q27479083,Kleinstruppen
http://www.wikidata.org/entity/Q28097386,Schönborn-Dreiwerden
http://www.wikidata.org/entity/Q29433002,Zschornau
http://www.wikidata.org/entity/Q43302018,Hauptmannsgrün
http://www.wikidata.org/entity/Q45227322,Brößnitz
http://www.wikidata.org/entity/Q47273319,Unterneumark
http://www.wikidata.org/entity/Q51146231,Quosdorf
http://www.wikidata.org/entity/Q6724,Hermsdorf/Erzgeb.
http://www.wikidata.org/entity/Q8215,Pretzschendorf
http://www.wikidata.org/entity/Q8706,Glaubitz
http://www.wikidata.org/entity/Q8790,Stauchitz
http://www.wikidata.org/entity/Q8831,Weinböhla
http://www.wikidata.org/entity/Q8838,Zeithain
http://www.wikidata.org/entity/Q8897,Blasewitz
http://www.wikidata.org/entity/Q10757,Parthenstein
http://www.wikidata.org/entity/Q14835,Bautzen
http://www.wikidata.org/entity/Q15976,Altenburg
http://www.wikidata.org/entity/Q16032,Beilrode
http://www.wikidata.org/entity/Q17115,Dennheritz
http://www.wikidata.org/entity/Q17122,Lichtentanne
http://www.wikidata.org/entity/Q46859,Elsterberg
http://www.wikidata.org/entity/Q46885,Mylau
http://www.wikidata.org/entity/Q46909,Treuen
http://www.wikidata.org/entity/Q57725,Börnichen/Erzgeb.
http://www.wikidata.org/entity/Q57790,Jahnsdorf/Erzgeb.
http://www.wikidata.org/entity/Q57813,Niederwürschnitz
http://www.wikidata.org/entity/Q57944,Annaberg-Buchholz
http://www.wikidata.org/entity/Q57955,Stollberg/Erzgeb.
http://www.wikidata.org/entity/Q71017,Niederstriegis
http://www.wikidata.org/entity/Q93229,Elsterheide
http://www.wikidata.org/entity/Q160517,Dubrauke
http://www.wikidata.org/entity/Q160547,Scheckwitz
http://www.wikidata.org/entity/Q160767,Jahmen
http://www.wikidata.org/entity/Q160941,Sornßig
http://www.wikidata.org/entity/Q162662,Caminau
http://www.wikidata.org/entity/Q165167,Ostritz
http://www.wikidata.org/entity/Q230729,Zuschendorf
http://www.wikidata.org/entity/Q334507,Abtnaundorf
http://www.wikidata.org/entity/Q382181,Affalter
http://www.wikidata.org/entity/Q502562,Oppach
http://www.wikidata.org/entity/Q544931,Crostau
http://www.wikidata.org/entity/Q550175,Kirschau
http://www.wikidata.org/entity/Q695624,Eulatal
http://www.wikidata.org/entity/Q700434,Oberlichtenau
http://www.wikidata.org/entity/Q797473,Baalsdorf
http://www.wikidata.org/entity/Q819129,Thümmlitzwalde
http://www.wikidata.org/entity/Q889299,Bockwen-Polenz
http://www.wikidata.org/entity/Q895902,Krumhermersdorf
http://www.wikidata.org/entity/Q1019131,Bärenklause
http://www.wikidata.org/entity/Q1020173,Bötzen
http://www.wikidata.org/entity/Q1138440,Cradefeld
http://www.wikidata.org/entity/Q1230364,Dittersbach auf dem Eigen
http://www.wikidata.org/entity/Q1233449,Dobritz
http://www.wikidata.org/entity/Q1254824,Hungerau
http://www.wikidata.org/entity/Q1271156,Dönschten
http://www.wikidata.org/entity/Q1272141,Pratzschwitz
http://www.wikidata.org/entity/Q1279765,Ebersgrün
http://www.wikidata.org/entity/Q1285423,Edle Krone
http://www.wikidata.org/entity/Q1332351,Rüssen-Kleinstorkwitz
http://www.wikidata.org/entity/Q1344592,Weigmannsdorf
http://www.wikidata.org/entity/Q1348391,Graupzig
http://www.wikidata.org/entity/Q1349348,Erdmannshain
http://www.wikidata.org/entity/Q1373404,Plösitz
http://www.wikidata.org/entity/Q1385919,Eythra
http://www.wikidata.org/entity/Q1387378,Lastau
http://www.wikidata.org/entity/Q1414187,Imnitz
http://www.wikidata.org/entity/Q1493117,Gamig
http://www.wikidata.org/entity/Q1538631,Gostemitz
http://www.wikidata.org/entity/Q1548027,Großbardau
http://www.wikidata.org/entity/Q1548082,Großburgk
http://www.wikidata.org/entity/Q1549245,Großfriesen
http://www.wikidata.org/entity/Q1661129,Störmthal
http://www.wikidata.org/entity/Q1737172,Kauscha
http://www.wikidata.org/entity/Q1786923,Kraußnitz
http://www.wikidata.org/entity/Q1824215,Liemehna
http://www.wikidata.org/entity/Q1940118,Mitteldorfhain
http://www.wikidata.org/entity/Q1941602,Mobschatz
http://www.wikidata.org/entity/Q1988332,Niederpesterwitz
http://www.wikidata.org/entity/Q2110950,Pristäblich
http://www.wikidata.org/entity/Q2120779,Pönitz
http://www.wikidata.org/entity/Q2167838,Rostig
http://www.wikidata.org/entity/Q2203183,Rückenhain
http://www.wikidata.org/entity/Q2210524,Sachsdorf
http://www.wikidata.org/entity/Q2212156,Saida
http://www.wikidata.org/entity/Q2340849,Steinheidel
http://www.wikidata.org/entity/Q2474583,Ulberndorf
http://www.wikidata.org/entity/Q10366821,Pietzschwitz
http://www.wikidata.org/entity/Q10371662,Dahlowitz
http://www.wikidata.org/entity/Q10379640,Gaußig
http://www.wikidata.org/entity/Q15056920,Kaditzsch
http://www.wikidata.org/entity/Q15096895,Hennersbach
http://www.wikidata.org/entity/Q16064621,Gaudichsroda
http://www.wikidata.org/entity/Q16321204,Zaschwitz
http://www.wikidata.org/entity/Q17517400,Nimschütz
http://www.wikidata.org/entity/Q19309882,Tellschütz
http://www.wikidata.org/entity/Q19672294,Collmen (Colditz)
http://www.wikidata.org/entity/Q22680418,Zöschau
http://www.wikidata.org/entity/Q22691418,Börtewitz
http://www.wikidata.org/entity/Q22692597,Kleinpelsen
http://www.wikidata.org/entity/Q26254861,Weißensand
http://www.wikidata.org/entity/Q27881519,Friebus
http://www.wikidata.org/entity/Q47518037,Grauschwitz
http://www.wikidata.org/entity/Q50808652,Hohnstädt
http://www.wikidata.org/entity/Q55489723,Köthel
http://www.wikidata.org/entity/Q6483,Sebnitz
http://www.wikidata.org/entity/Q8762,Radebeul
http://www.wikidata.org/entity/Q8770,Radeburg
http://www.wikidata.org/entity/Q8904,Dölzschen
http://www.wikidata.org/entity/Q8925,Kleinpestitz
http://www.wikidata.org/entity/Q17120,Langenbernsdorf
http://www.wikidata.org/entity/Q17124,Neukirchen/Pleiße
http://www.wikidata.org/entity/Q46501,Bad Brambach
http://www.wikidata.org/entity/Q57804,Neukirchen/Erzgeb.
http://www.wikidata.org/entity/Q57924,Lugau (Erzgebirge)
http://www.wikidata.org/entity/Q57951,Marienberg
http://www.wikidata.org/entity/Q71068,Zettlitz
http://www.wikidata.org/entity/Q71141,Oederan
http://www.wikidata.org/entity/Q81729,Radeberg
http://www.wikidata.org/entity/Q93270,Neukirch/Lausitz
http://www.wikidata.org/entity/Q157462,Reichenbach/O.L.
http://www.wikidata.org/entity/Q160458,Stiebitz
http://www.wikidata.org/entity/Q160520,Zescha
http://www.wikidata.org/entity/Q160597,Zerna
http://www.wikidata.org/entity/Q160646,Doberschütz
http://www.wikidata.org/entity/Q160673,Grubschütz
http://www.wikidata.org/entity/Q160675,Pechern
http://www.wikidata.org/entity/Q160679,Baruth bei Bautzen
http://www.wikidata.org/entity/Q160779,Prautitz
http://www.wikidata.org/entity/Q160794,Caßlau
http://www.wikidata.org/entity/Q160840,Truppen
http://www.wikidata.org/entity/Q160864,Rieschen
http://www.wikidata.org/entity/Q160983,Hermsdorf/Spree
http://www.wikidata.org/entity/Q161015,Niederkaina
http://www.wikidata.org/entity/Q247639,Zöbigker
http://www.wikidata.org/entity/Q315948,Kesselsdorf
http://www.wikidata.org/entity/Q355595,Adelwitz
http://www.wikidata.org/entity/Q506128,Weißkeißel
http://www.wikidata.org/entity/Q759108,Auenhain
http://www.wikidata.org/entity/Q865694,Birkwitz-Pratzschwitz
http://www.wikidata.org/entity/Q882580,Blauenthal
http://www.wikidata.org/entity/Q893887,Borlas
http://www.wikidata.org/entity/Q993876,Wölpern
http://www.wikidata.org/entity/Q1128144,Constappel
http://www.wikidata.org/entity/Q1173063,Dautzschen
http://www.wikidata.org/entity/Q1246074,Hühndorf
http://www.wikidata.org/entity/Q1253630,Kreba
http://www.wikidata.org/entity/Q1300749,Ehrenzipfel
http://www.wikidata.org/entity/Q1313577,Gehringswalde
http://www.wikidata.org/entity/Q1353061,Waschleithe
http://www.wikidata.org/entity/Q1356606,Lotzen
http://www.wikidata.org/entity/Q1375693,Schellerhau
http://www.wikidata.org/entity/Q1494138,Hammerunterwiesenthal
http://www.wikidata.org/entity/Q1536820,Gombsen
http://www.wikidata.org/entity/Q1542543,Welxande
http://www.wikidata.org/entity/Q1551467,Gränitz
http://www.wikidata.org/entity/Q1558753,Gähsnitz
http://www.wikidata.org/entity/Q1605578,Reppnitz
http://www.wikidata.org/entity/Q1688601,Ruppendorf
http://www.wikidata.org/entity/Q1720959,Kaditz
http://www.wikidata.org/entity/Q1721220,Kahnsdorf
http://www.wikidata.org/entity/Q1742417,Seußlitz
http://www.wikidata.org/entity/Q1746377,Kleinbobritzsch
http://www.wikidata.org/entity/Q1746972,Kleinopitz
http://www.wikidata.org/entity/Q1750645,Threna
http://www.wikidata.org/entity/Q1804890,Langburkersdorf
http://www.wikidata.org/entity/Q1805303,Trachau
http://www.wikidata.org/entity/Q1820205,Lercha
http://www.wikidata.org/entity/Q1897673,Marieney
http://www.wikidata.org/entity/Q1911007,Mauersberg
http://www.wikidata.org/entity/Q1919706,Melpitz
http://www.wikidata.org/entity/Q1942897,Mohorn
http://www.wikidata.org/entity/Q1981045,Neunimptsch
http://www.wikidata.org/entity/Q1987847,Niederhermsdorf
http://www.wikidata.org/entity/Q1988717,Niedervogelgesang
http://www.wikidata.org/entity/Q2010436,Obermuschütz
http://www.wikidata.org/entity/Q2082107,Pfaffenhain
http://www.wikidata.org/entity/Q2245066,Schlunzig
http://www.wikidata.org/entity/Q2249760,Schreiersgrün
http://www.wikidata.org/entity/Q2264673,Seebschütz
http://www.wikidata.org/entity/Q2339062,Stehla
http://www.wikidata.org/entity/Q2346357,Stetzsch
http://www.wikidata.org/entity/Q2596425,Wölkisch
http://www.wikidata.org/entity/Q10371532,Zieschütz
http://www.wikidata.org/entity/Q10777126,Alte Ziegelscheune
http://www.wikidata.org/entity/Q15126781,Sabrodt
http://www.wikidata.org/entity/Q15149551,Peritz
http://www.wikidata.org/entity/Q15825925,Linkenau
http://www.wikidata.org/entity/Q16321191,Würschwitz
http://www.wikidata.org/entity/Q17353331,Abhorn
http://www.wikidata.org/entity/Q19720943,Commichau
http://www.wikidata.org/entity/Q20051144,Särka
http://www.wikidata.org/entity/Q20804043,Richzenhain
http://www.wikidata.org/entity/Q21471390,Strocken
http://www.wikidata.org/entity/Q22691072,Altoschatz
http://www.wikidata.org/entity/Q22692688,Kreudnitz
http://www.wikidata.org/entity/Q23984408,Nasseböhla
http://www.wikidata.org/entity/Q26254864,Zschöllau
http://www.wikidata.org/entity/Q27116840,Hohburkersdorf
http://www.wikidata.org/entity/Q27479059,Niederottendorf
http://www.wikidata.org/entity/Q27826364,Kottenheide
http://www.wikidata.org/entity/Q27922049,Arnoldsgrün
http://www.wikidata.org/entity/Q43054372,Oberheinsdorf
http://www.wikidata.org/entity/Q6462,Dippoldiswalde
http://www.wikidata.org/entity/Q8199,Liebstadt
http://www.wikidata.org/entity/Q8738,Meißen
http://www.wikidata.org/entity/Q8775,Riesa
http://www.wikidata.org/entity/Q8938,Leubnitz-Neuostra
http://www.wikidata.org/entity/Q10784,Wurzen
http://www.wikidata.org/entity/Q17125,Niederfrohna
http://www.wikidata.org/entity/Q20073,Hohenstein-Ernstthal
http://www.wikidata.org/entity/Q41776,Ringenhain
http://www.wikidata.org/entity/Q46816,Weischlitz
http://www.wikidata.org/entity/Q57736,Burkhardtsdorf
http://www.wikidata.org/entity/Q57822,Pockau
http://www.wikidata.org/entity/Q57885,Elterlein
http://www.wikidata.org/entity/Q71111,Geringswalde
http://www.wikidata.org/entity/Q81753,Weißenberg
http://www.wikidata.org/entity/Q93233,Großdubrau
http://www.wikidata.org/entity/Q93300,Spreetal
http://www.wikidata.org/entity/Q148367,Zatzschke
http://www.wikidata.org/entity/Q149713,Ostro
http://www.wikidata.org/entity/Q160209,Weißkollm
http://www.wikidata.org/entity/Q160417,Eiserode
http://www.wikidata.org/entity/Q160665,Cossern
http://www.wikidata.org/entity/Q160974,Großdehsa
http://www.wikidata.org/entity/Q162710,Rothnaußlitz
http://www.wikidata.org/entity/Q184703,Zehren
http://www.wikidata.org/entity/Q227251,Zschieren
http://www.wikidata.org/entity/Q436724,Altenberg
http://www.wikidata.org/entity/Q502696,Großhennersdorf
http://www.wikidata.org/entity/Q518405,Kossa
http://www.wikidata.org/entity/Q544870,Trebendorf
http://www.wikidata.org/entity/Q554664,Kirnitzschtal
http://www.wikidata.org/entity/Q809285,Barthmühle
http://www.wikidata.org/entity/Q865695,Birkwitz
http://www.wikidata.org/entity/Q883725,Graditz
http://www.wikidata.org/entity/Q900599,Brauna
http://www.wikidata.org/entity/Q1114677,Weesenstein
http://www.wikidata.org/entity/Q1138328,Coßmannsdorf
http://www.wikidata.org/entity/Q1248778,Streitfeld
http://www.wikidata.org/entity/Q1270879,Döbeltitz
http://www.wikidata.org/entity/Q1291599,Lindenhayn
http://www.wikidata.org/entity/Q1298374,Wedelwitz
http://www.wikidata.org/entity/Q1386678,Niederlungwitz
http://www.wikidata.org/entity/Q1407901,Raußlitz
http://www.wikidata.org/entity/Q1412074,Neumohlis
http://www.wikidata.org/entity/Q1481785,Wiesenbad
http://www.wikidata.org/entity/Q1560246,Günsdorf
http://www.wikidata.org/entity/Q1619750,Hinterjessen
http://www.wikidata.org/entity/Q1623215,Malsitz
http://www.wikidata.org/entity/Q1627782,Naundörfel
http://www.wikidata.org/entity/Q1653316,Neuschmölln
http://www.wikidata.org/entity/Q1665368,Wernesgrün
http://www.wikidata.org/entity/Q1680218,Jauernick-Buschbach
http://www.wikidata.org/entity/Q1683736,Sprotta
http://www.wikidata.org/entity/Q1686817,Schedewitz
http://www.wikidata.org/entity/Q1715670,Jößnitz
http://www.wikidata.org/entity/Q1736252,Kathewitz
http://www.wikidata.org/entity/Q1737921,Keilbusch
http://www.wikidata.org/entity/Q1745587,Kleinokrilla
http://www.wikidata.org/entity/Q1762563,Quatitz
http://www.wikidata.org/entity/Q1772693,Witzschdorf
http://www.wikidata.org/entity/Q1786484,Kranichau
http://www.wikidata.org/entity/Q1795696,Köhra
http://www.wikidata.org/entity/Q1796778,Köttewitz
http://www.wikidata.org/entity/Q1800068,Niederneuschönberg
http://www.wikidata.org/entity/Q1808657,Lauterholz
http://www.wikidata.org/entity/Q1873159,Luchau
http://www.wikidata.org/entity/Q1883859,Magdeborn
http://www.wikidata.org/entity/Q1926112,Meuscha
http://www.wikidata.org/entity/Q1940360,Mittelschmiedeberg
http://www.wikidata.org/entity/Q1958149,Mörtitz
http://www.wikidata.org/entity/Q1989328,Nieska
http://www.wikidata.org/entity/Q2009274,Obercrinitz
http://www.wikidata.org/entity/Q2011373,Obervogelgesang
http://www.wikidata.org/entity/Q2115463,Pröttitz
http://www.wikidata.org/entity/Q2162516,Roitzschwiese
http://www.wikidata.org/entity/Q2169055,Rottewitz
http://www.wikidata.org/entity/Q2227654,Saupsdorf
http://www.wikidata.org/entity/Q2246434,Schmiedewalde
http://www.wikidata.org/entity/Q2266615,Seidnitz
http://www.wikidata.org/entity/Q2268428,Sellerhausen
http://www.wikidata.org/entity/Q2312167,Sporbitz
http://www.wikidata.org/entity/Q2443992,Torga
http://www.wikidata.org/entity/Q2533654,Vorbrücke
http://www.wikidata.org/entity/Q2596450,Wöllnau
http://www.wikidata.org/entity/Q15060166,Storkwitz
http://www.wikidata.org/entity/Q15060173,Stroischen
http://www.wikidata.org/entity/Q15063043,Stenn
http://www.wikidata.org/entity/Q15428479,Tzschelln
http://www.wikidata.org/entity/Q16321213,Zeunitz
http://www.wikidata.org/entity/Q17487786,Kleinliebenau
http://www.wikidata.org/entity/Q19973576,Radefeld
http://www.wikidata.org/entity/Q22692710,Kroptewitz
http://www.wikidata.org/entity/Q22692955,Marschwitz
http://www.wikidata.org/entity/Q26254860,Ganzig
http://www.wikidata.org/entity/Q26254936,Wischstauden
http://www.wikidata.org/entity/Q33123479,Reimersgrün
http://www.wikidata.org/entity/Q42578987,Plohn
http://www.wikidata.org/entity/Q49892248,Mahnbrück
http://www.wikidata.org/entity/Q50714434,Thoßfell
http://www.wikidata.org/entity/Q64739102,Kleinraschütz
http://www.wikidata.org/entity/Q6710,Hartmannsdorf-Reichenau
http://www.wikidata.org/entity/Q8227,Rathmannsdorf
http://www.wikidata.org/entity/Q8248,Wilsdruff
http://www.wikidata.org/entity/Q8830,Thiendorf
http://www.wikidata.org/entity/Q8834,Wülknitz
http://www.wikidata.org/entity/Q8912,Gittersee
http://www.wikidata.org/entity/Q8920,Hellerau
http://www.wikidata.org/entity/Q8967,Pennrich
http://www.wikidata.org/entity/Q12045,Dommitzsch
http://www.wikidata.org/entity/Q20088,Wilkau-Haßlau
http://www.wikidata.org/entity/Q46866,Klingenthal
http://www.wikidata.org/entity/Q70942,Claußnitz
http://www.wikidata.org/entity/Q71036,Rechenberg-Bienenmühle
http://www.wikidata.org/entity/Q71060,Wechselburg
http://www.wikidata.org/entity/Q93247,Haselbachtal
http://www.wikidata.org/entity/Q93248,Hochkirch
http://www.wikidata.org/entity/Q93254,Laußnitz
http://www.wikidata.org/entity/Q93276,Ottendorf-Okrilla
http://www.wikidata.org/entity/Q144036,Liegau-Augustusbad
http://www.wikidata.org/entity/Q160444,Gebelzig
http://www.wikidata.org/entity/Q160635,Schmerlitz
http://www.wikidata.org/entity/Q160688,Doberschau
http://www.wikidata.org/entity/Q160962,Holschdubrau
http://www.wikidata.org/entity/Q160985,Teichnitz
http://www.wikidata.org/entity/Q161001,Breitendorf
http://www.wikidata.org/entity/Q162566,Altbernsdorf auf dem Eigen
http://www.wikidata.org/entity/Q162628,Kopschin
http://www.wikidata.org/entity/Q205138,Zinnwald-Georgenfeld
http://www.wikidata.org/entity/Q227258,Zschochau
http://www.wikidata.org/entity/Q383386,Potschappel
http://www.wikidata.org/entity/Q502454,Großschweidnitz
http://www.wikidata.org/entity/Q502508,Niedercunnersdorf
http://www.wikidata.org/entity/Q554695,Porschdorf
http://www.wikidata.org/entity/Q633813,Sornzig-Ablaß
http://www.wikidata.org/entity/Q700500,Reinhardtsgrimma
http://www.wikidata.org/entity/Q851418,Beutha
http://www.wikidata.org/entity/Q985126,Großzschocher
http://www.wikidata.org/entity/Q991571,Niederschöna
http://www.wikidata.org/entity/Q997049,Brünlasberg
http://www.wikidata.org/entity/Q1272237,Dürrröhrsdorf
http://www.wikidata.org/entity/Q1274445,Siebenlehn
http://www.wikidata.org/entity/Q1296218,Löbsal
http://www.wikidata.org/entity/Q1312715,Grünstädtel
http://www.wikidata.org/entity/Q1355607,Erlicht
http://www.wikidata.org/entity/Q1389417,Knauthain
http://www.wikidata.org/entity/Q1422096,Schweizermühle
http://www.wikidata.org/entity/Q1425961,Niederpoyritz
http://www.wikidata.org/entity/Q1433990,Unterscheibe
http://www.wikidata.org/entity/Q1495967,Gauernitz
http://www.wikidata.org/entity/Q1520707,Rückmarsdorf
http://www.wikidata.org/entity/Q1536934,Gompitz
http://www.wikidata.org/entity/Q1537797,Goppeln
http://www.wikidata.org/entity/Q1538316,Gorknitz
http://www.wikidata.org/entity/Q1549432,Großlehna
http://www.wikidata.org/entity/Q1551447,Schneckengrün
http://www.wikidata.org/entity/Q1552242,Grünhain
http://www.wikidata.org/entity/Q1554639,Gundorf
http://www.wikidata.org/entity/Q1563739,Rähnitz
http://www.wikidata.org/entity/Q1605903,Malschendorf
http://www.wikidata.org/entity/Q1625287,Wohlhausen
http://www.wikidata.org/entity/Q1678566,Jahnsbach
http://www.wikidata.org/entity/Q1722140,Langenreinsdorf
http://www.wikidata.org/entity/Q1746730,Kleinerkmannsdorf
http://www.wikidata.org/entity/Q1754124,Milkwitz
http://www.wikidata.org/entity/Q1756229,Uhlmannsdorf
http://www.wikidata.org/entity/Q1773854,Kleinsedlitz
http://www.wikidata.org/entity/Q1787971,Krensitz
http://www.wikidata.org/entity/Q1804939,Langebrück
http://www.wikidata.org/entity/Q1867643,Lockwitz
http://www.wikidata.org/entity/Q1871261,Lotzdorf
http://www.wikidata.org/entity/Q1913759,Maxen
http://www.wikidata.org/entity/Q1987630,Niederbobritzsch
http://www.wikidata.org/entity/Q2104589,Porschnitz
http://www.wikidata.org/entity/Q2139856,Reick
http://www.wikidata.org/entity/Q2152255,Riemsdorf
http://www.wikidata.org/entity/Q2167437,Rosinendörfchen
http://www.wikidata.org/entity/Q2258786,Schönborn-Dreiwerden-Seifersbach
http://www.wikidata.org/entity/Q2269369,Semmelsberg
http://www.wikidata.org/entity/Q2400481,Teichhaus
http://www.wikidata.org/entity/Q2568383,Wiederitzsch
http://www.wikidata.org/entity/Q2584655,Winkwitz
http://www.wikidata.org/entity/Q10374695,Dubring
http://www.wikidata.org/entity/Q10787013,Kleinsaubernitz
http://www.wikidata.org/entity/Q12355895,Thürmsdorf
http://www.wikidata.org/entity/Q12788229,Reckwitz
http://www.wikidata.org/entity/Q15058938,Prösitz
http://www.wikidata.org/entity/Q15061643,Wagelwitz
http://www.wikidata.org/entity/Q19835524,Blattersleben
http://www.wikidata.org/entity/Q20656672,Nauhain
http://www.wikidata.org/entity/Q21039840,Neubleesern
http://www.wikidata.org/entity/Q22692598,Kleinweitzschen
http://www.wikidata.org/entity/Q26271290,Irfersgrün
http://www.wikidata.org/entity/Q32177650,Neschwitz
http://www.wikidata.org/entity/Q32610290,Laußnitz
http://www.wikidata.org/entity/Q32707590,Rechenberg-Bienenmühle
http://www.wikidata.org/entity/Q38015833,Lambzig
http://www.wikidata.org/entity/Q47535877,Zschieschen
http://www.wikidata.org/entity/Q8751,Nossen
http://www.wikidata.org/entity/Q8926,Kleinzschachwitz
http://www.wikidata.org/entity/Q8933,Laubegast
http://www.wikidata.org/entity/Q8941,Meußlitz
http://www.wikidata.org/entity/Q8954,Striesen
http://www.wikidata.org/entity/Q8966,Pappritz
http://www.wikidata.org/entity/Q16066,Trossin
http://www.wikidata.org/entity/Q16067,Wermsdorf
http://www.wikidata.org/entity/Q46804,Theuma
http://www.wikidata.org/entity/Q46863,Falkenstein/Vogtl.
http://www.wikidata.org/entity/Q46900,Rodewisch
http://www.wikidata.org/entity/Q57717,Bernsbach
http://www.wikidata.org/entity/Q57929,Oelsnitz/Erzgeb.
http://www.wikidata.org/entity/Q57939,Schlettau
http://www.wikidata.org/entity/Q70957,Großhartmannsdorf
http://www.wikidata.org/entity/Q71180,Rochlitz
http://www.wikidata.org/entity/Q81722,Kamenz
http://www.wikidata.org/entity/Q93216,Burkau
http://www.wikidata.org/entity/Q93234,Großharthau
http://www.wikidata.org/entity/Q93260,Malschwitz
http://www.wikidata.org/entity/Q93289,Rammenau
http://www.wikidata.org/entity/Q93293,Schönteichen
http://www.wikidata.org/entity/Q145259,Zeißholz
http://www.wikidata.org/entity/Q160207,Groß Särchen
http://www.wikidata.org/entity/Q160443,Kleinradmeritz
http://www.wikidata.org/entity/Q160599,Unwürde
http://www.wikidata.org/entity/Q160668,Uhyst am Taucher
http://www.wikidata.org/entity/Q160787,Oelsa
http://www.wikidata.org/entity/Q160818,Oberkaina
http://www.wikidata.org/entity/Q160880,Pommritz
http://www.wikidata.org/entity/Q162636,Saritsch
http://www.wikidata.org/entity/Q162666,Biehain
http://www.wikidata.org/entity/Q162721,Nucknitz
http://www.wikidata.org/entity/Q162757,Zoblitz
http://www.wikidata.org/entity/Q177006,Oberrothenbach
http://www.wikidata.org/entity/Q227229,Zscheckwitz
http://www.wikidata.org/entity/Q231879,Zweenfurth
http://www.wikidata.org/entity/Q262237,Morgenröthe-Rautenkranz
http://www.wikidata.org/entity/Q814083,Beerendorf
http://www.wikidata.org/entity/Q917527,Brinnis
http://www.wikidata.org/entity/Q1026300,Calbitz
http://www.wikidata.org/entity/Q1150628,Rentzschmühle
http://www.wikidata.org/entity/Q1230345,Dittelsdorf
http://www.wikidata.org/entity/Q1292829,Großdorfhain
http://www.wikidata.org/entity/Q1328686,Pomßen
http://www.wikidata.org/entity/Q1334833,Niederzwönitz
http://www.wikidata.org/entity/Q1344404,Spechtshausen
http://www.wikidata.org/entity/Q1400370,Kleinrückerswalde
http://www.wikidata.org/entity/Q1411356,Grundau
http://www.wikidata.org/entity/Q1474088,Alberoda
http://www.wikidata.org/entity/Q1487788,Heinrichsort
http://www.wikidata.org/entity/Q1527924,Lorenzkirch
http://www.wikidata.org/entity/Q1530646,Laubusch
http://www.wikidata.org/entity/Q1536869,Gomlitz
http://www.wikidata.org/entity/Q1539679,Gotthelffriedrichsgrund
http://www.wikidata.org/entity/Q1549741,Großtreben
http://www.wikidata.org/entity/Q1559171,Göbschelwitz
http://www.wikidata.org/entity/Q1563962,Oberbobritzsch
http://www.wikidata.org/entity/Q1610109,Herlagrün
http://www.wikidata.org/entity/Q1624399,Holdenberg
http://www.wikidata.org/entity/Q1651206,Lenkersdorf
http://www.wikidata.org/entity/Q1688209,Jesseritz
http://www.wikidata.org/entity/Q1737175,Kauschwitz
http://www.wikidata.org/entity/Q1746390,Kleindehsa
http://www.wikidata.org/entity/Q1790614,Krögis
http://www.wikidata.org/entity/Q1792743,Kunzwerda
http://www.wikidata.org/entity/Q1805968,Nickern
http://www.wikidata.org/entity/Q1807330,Laue
http://www.wikidata.org/entity/Q1884696,Magwitz
http://www.wikidata.org/entity/Q1918211,Meisatal
http://www.wikidata.org/entity/Q1920454,Mengelsdorf
http://www.wikidata.org/entity/Q1935276,Milkel
http://www.wikidata.org/entity/Q1941670,Mockau
http://www.wikidata.org/entity/Q1981092,Neunzehnhain
http://www.wikidata.org/entity/Q2009271,Obercarsdorf
http://www.wikidata.org/entity/Q2064125,Paulshain
http://www.wikidata.org/entity/Q2098961,Plaußig
http://www.wikidata.org/entity/Q2216043,Salzenforst
http://www.wikidata.org/entity/Q2360795,Stötteritz
http://www.wikidata.org/entity/Q2559216,Wendischfähre
http://www.wikidata.org/entity/Q2563198,Wernitzgrün
http://www.wikidata.org/entity/Q2678141,Döbernitz
http://www.wikidata.org/entity/Q10724469,Lömischau
http://www.wikidata.org/entity/Q10777734,Schweinerden
http://www.wikidata.org/entity/Q10787696,Techritz
http://www.wikidata.org/entity/Q10817604,Säuritz
http://www.wikidata.org/entity/Q15055822,Dobenau
http://www.wikidata.org/entity/Q15058072,Nauberg
http://www.wikidata.org/entity/Q19965254,Sausedlitz
http://www.wikidata.org/entity/Q19965441,Zschepa
http://www.wikidata.org/entity/Q23794346,Etzoldshain
http://www.wikidata.org/entity/Q27479125,Herrenwalde
http://www.wikidata.org/entity/Q28801086,Dröda
http://www.wikidata.org/entity/Q47512897,Römersgrün
http://www.wikidata.org/entity/Q55645180,Zentendorf
http://www.wikidata.org/entity/Q59080856,Friedersdorf (Pulsnitz)
http://www.wikidata.org/entity/Q61533513,Wolkenburg-Kaufungen
http://www.wikidata.org/entity/Q65767137,Kindisch
http://www.wikidata.org/entity/Q65819132,Wiederau
http://www.wikidata.org/entity/Q3778,Zwickau
http://www.wikidata.org/entity/Q8244,Struppen
http://www.wikidata.org/entity/Q8697,Diera-Zehren
http://www.wikidata.org/entity/Q8732,Leuben-Schleinitz
http://www.wikidata.org/entity/Q8945,Pieschen
http://www.wikidata.org/entity/Q10752,Machern
http://www.wikidata.org/entity/Q17123,Mülsen
http://www.wikidata.org/entity/Q20084,Oberlungwitz
http://www.wikidata.org/entity/Q46808,Tirpersdorf
http://www.wikidata.org/entity/Q57761,Gornau/Erzgeb.
http://www.wikidata.org/entity/Q58000,Zöblitz
http://www.wikidata.org/entity/Q71117,Großschirma
http://www.wikidata.org/entity/Q81717,Bischofswerda
http://www.wikidata.org/entity/Q93226,Demitz-Thumitz
http://www.wikidata.org/entity/Q93253,Kubschütz
http://www.wikidata.org/entity/Q93287,Ralbitz-Rosenthal
http://www.wikidata.org/entity/Q156768,Löbau
http://www.wikidata.org/entity/Q160230,Schwarzkollm
http://www.wikidata.org/entity/Q160231,Jänkendorf
http://www.wikidata.org/entity/Q160233,Jerchwitz
http://www.wikidata.org/entity/Q160587,Soculahora
http://www.wikidata.org/entity/Q160604,Niedergurig
http://www.wikidata.org/entity/Q160663,Muschelwitz
http://www.wikidata.org/entity/Q160762,Zerre
http://www.wikidata.org/entity/Q160838,Canitz-Christina
http://www.wikidata.org/entity/Q160859,Horscha
http://www.wikidata.org/entity/Q161028,Kronförstchen
http://www.wikidata.org/entity/Q227249,Zschettgau
http://www.wikidata.org/entity/Q502472,Neißeaue
http://www.wikidata.org/entity/Q502498,Kreba-Neudorf
http://www.wikidata.org/entity/Q502512,Rietschen
http://www.wikidata.org/entity/Q502548,Groß Düben
http://www.wikidata.org/entity/Q506136,Waldhufen
http://www.wikidata.org/entity/Q524006,Kleinzschocher
http://www.wikidata.org/entity/Q544833,Boxberg/O.L.
http://www.wikidata.org/entity/Q544944,Hähnichen
http://www.wikidata.org/entity/Q572891,Geising
http://www.wikidata.org/entity/Q745159,Pflückuff
http://www.wikidata.org/entity/Q759252,Auerhammer
http://www.wikidata.org/entity/Q774304,Ochelmitz
http://www.wikidata.org/entity/Q893830,Boritz
http://www.wikidata.org/entity/Q907486,Bremenhain
http://www.wikidata.org/entity/Q977550,Klitzschen
http://www.wikidata.org/entity/Q1138844,Crandorf
http://www.wikidata.org/entity/Q1169424,Heiterblick
http://www.wikidata.org/entity/Q1183204,Deila
http://www.wikidata.org/entity/Q1362777,Halbemeile
http://www.wikidata.org/entity/Q1409041,Neuwürschnitz
http://www.wikidata.org/entity/Q1507699,Kuhschnappel
http://www.wikidata.org/entity/Q1614728,Hertigswalde
http://www.wikidata.org/entity/Q1619789,Hintermauer
http://www.wikidata.org/entity/Q1634399,Weistropp
http://www.wikidata.org/entity/Q1665421,Mannichswalde
http://www.wikidata.org/entity/Q1665756,Oberlommatzsch
http://www.wikidata.org/entity/Q1668585,Raupenberg
http://www.wikidata.org/entity/Q1747031,Kleinschweidnitz
http://www.wikidata.org/entity/Q1773946,Kleinwaltersdorf
http://www.wikidata.org/entity/Q1788925,Krietzschwitz
http://www.wikidata.org/entity/Q1795717,Köllitsch
http://www.wikidata.org/entity/Q1868792,Lomnitz
http://www.wikidata.org/entity/Q1940349,Mittelsaida
http://www.wikidata.org/entity/Q1942893,Moholz
http://www.wikidata.org/entity/Q1963235,Nadelwitz
http://www.wikidata.org/entity/Q1988007,Niederlommatzsch
http://www.wikidata.org/entity/Q2010622,Oberplanitz
http://www.wikidata.org/entity/Q2013749,Ockrilla
http://www.wikidata.org/entity/Q2048450,Paltzschen
http://www.wikidata.org/entity/Q2098316,Planschwitz
http://www.wikidata.org/entity/Q2140053,Reifland
http://www.wikidata.org/entity/Q2162512,Roitzschen
http://www.wikidata.org/entity/Q2168702,Rothenthal
http://www.wikidata.org/entity/Q2168905,Rotschau
http://www.wikidata.org/entity/Q2245846,Schmannewitz
http://www.wikidata.org/entity/Q2402295,Tellerhäuser
http://www.wikidata.org/entity/Q2437660,Tobertitz
http://www.wikidata.org/entity/Q2461846,Tuttendorf
http://www.wikidata.org/entity/Q2557894,Welschhufe
http://www.wikidata.org/entity/Q10379577,Holscha
http://www.wikidata.org/entity/Q12354399,Rathewalde
http://www.wikidata.org/entity/Q15111427,Gelenau
http://www.wikidata.org/entity/Q15808748,Eubabrunn
http://www.wikidata.org/entity/Q16061459,Deditz
http://www.wikidata.org/entity/Q16321219,Zschaagwitz
http://www.wikidata.org/entity/Q19787751,Döbritzschen
http://www.wikidata.org/entity/Q19962151,Cottewitz
http://www.wikidata.org/entity/Q19965324,Strießen
http://www.wikidata.org/entity/Q19969630,Hohenleina
http://www.wikidata.org/entity/Q23072795,Marksiedlitz
http://www.wikidata.org/entity/Q23561056,Sageritz
http://www.wikidata.org/entity/Q25303881,Wellerswalde
http://www.wikidata.org/entity/Q26836923,Oberleutersdorf
http://www.wikidata.org/entity/Q27479126,Saalendorf
http://www.wikidata.org/entity/Q27917196,Tannenhaus
http://www.wikidata.org/entity/Q33280306,Lauschgrün
http://www.wikidata.org/entity/Q36913367,Mühlwand
http://www.wikidata.org/entity/Q37902184,Foschenroda
http://www.wikidata.org/entity/Q43109347,Röcknitz-Böhlitz
http://www.wikidata.org/entity/Q47495895,Leitelshain
http://www.wikidata.org/entity/Q50234372,Wetzelsgrün
http://www.wikidata.org/entity/Q8205,Müglitztal
http://www.wikidata.org/entity/Q8240,Stadt Wehlen
http://www.wikidata.org/entity/Q8722,Ketzerbachtal
http://www.wikidata.org/entity/Q8756,Nünchritz
http://www.wikidata.org/entity/Q8783,Röderaue
http://www.wikidata.org/entity/Q8788,Schönfeld
http://www.wikidata.org/entity/Q8955,Übigau
http://www.wikidata.org/entity/Q12052,Delitzsch
http://www.wikidata.org/entity/Q16071,Zinna
http://www.wikidata.org/entity/Q46749,Ellefeld
http://www.wikidata.org/entity/Q57773,Großrückerswalde
http://www.wikidata.org/entity/Q57801,Mildenau
http://www.wikidata.org/entity/Q57933,Olbernhau
http://www.wikidata.org/entity/Q58006,Zschopau
http://www.wikidata.org/entity/Q93294,Schwepnitz
http://www.wikidata.org/entity/Q93303,Steinigtwolmsdorf
http://www.wikidata.org/entity/Q160216,Kromlau
http://www.wikidata.org/entity/Q160226,Skerbersdorf
http://www.wikidata.org/entity/Q160290,Nechern
http://www.wikidata.org/entity/Q160382,Dauban
http://www.wikidata.org/entity/Q160434,Wurschen
http://www.wikidata.org/entity/Q160447,Waditz
http://www.wikidata.org/entity/Q160515,Zschillichau
http://www.wikidata.org/entity/Q160540,Jetscheba
http://www.wikidata.org/entity/Q160543,Lippitsch
http://www.wikidata.org/entity/Q160623,Diehsa
http://www.wikidata.org/entity/Q160684,Dobranitz
http://www.wikidata.org/entity/Q160766,Uhsmannsdorf
http://www.wikidata.org/entity/Q160773,Weidlitz
http://www.wikidata.org/entity/Q160804,Weickersdorf
http://www.wikidata.org/entity/Q160837,Niethen
http://www.wikidata.org/entity/Q160862,Liebon
http://www.wikidata.org/entity/Q160990,Wawitz
http://www.wikidata.org/entity/Q161024,Dolgowitz
http://www.wikidata.org/entity/Q162617,Kringelsdorf
http://www.wikidata.org/entity/Q162647,Luppedubrau
http://www.wikidata.org/entity/Q206739,Zitzschewig
http://www.wikidata.org/entity/Q232262,Zweibach
http://www.wikidata.org/entity/Q247778,Zöllmen
http://www.wikidata.org/entity/Q366362,Adorf/Erzgeb.
http://www.wikidata.org/entity/Q442465,Altlöbau
http://www.wikidata.org/entity/Q472957,Ammelsdorf
http://www.wikidata.org/entity/Q545988,Brünlos
http://www.wikidata.org/entity/Q607856,Antonsthal
http://www.wikidata.org/entity/Q659002,Burgstein
http://www.wikidata.org/entity/Q799686,Badrina
http://www.wikidata.org/entity/Q822034,Bermsgrün
http://www.wikidata.org/entity/Q876497,Deutscheinsiedel
http://www.wikidata.org/entity/Q1127120,Conradsdorf
http://www.wikidata.org/entity/Q1143414,Culitzsch
http://www.wikidata.org/entity/Q1267261,Durchwehna
http://www.wikidata.org/entity/Q1270895,Döberkitz
http://www.wikidata.org/entity/Q1392159,Polditz
http://www.wikidata.org/entity/Q1424653,Niederfähre
http://www.wikidata.org/entity/Q1466523,Fürstenhain
http://www.wikidata.org/entity/Q1471942,Gaschwitz
http://www.wikidata.org/entity/Q1476966,Wahren
http://www.wikidata.org/entity/Q1496293,Gaustritz
http://www.wikidata.org/entity/Q1516155,Pleißa
http://www.wikidata.org/entity/Q1549752,Großwaltersdorf
http://www.wikidata.org/entity/Q1569503,Hainitz
http://www.wikidata.org/entity/Q1651390,Wilischthal
http://www.wikidata.org/entity/Q1664790,Knautnaundorf
http://www.wikidata.org/entity/Q1665625,Koselitz
http://www.wikidata.org/entity/Q1737179,Noitzsch
http://www.wikidata.org/entity/Q1746399,Kleindorfhain
http://www.wikidata.org/entity/Q1753616,Streckewalde
http://www.wikidata.org/entity/Q1774544,Klingewalde
http://www.wikidata.org/entity/Q1788507,Kreyern
http://www.wikidata.org/entity/Q1880528,Lützschena-Stahmeln
http://www.wikidata.org/entity/Q1887826,Malter-Paulsdorf
http://www.wikidata.org/entity/Q1981425,Neuschönefeld
http://www.wikidata.org/entity/Q1987786,Niederfrauendorf
http://www.wikidata.org/entity/Q1988520,Niederstößwitz
http://www.wikidata.org/entity/Q2067345,Pegenau
http://www.wikidata.org/entity/Q2112811,Promnitztal
http://www.wikidata.org/entity/Q2113375,Prossen
http://www.wikidata.org/entity/Q2120681,Pöhlau
http://www.wikidata.org/entity/Q2120920,Pülswerda
http://www.wikidata.org/entity/Q2157792,Schnaditz
http://www.wikidata.org/entity/Q2162510,Roitzsch
http://www.wikidata.org/entity/Q2523539,Viereichen
http://www.wikidata.org/entity/Q10767743,Nedaschütz
http://www.wikidata.org/entity/Q10776793,Pielitz
http://www.wikidata.org/entity/Q15096994,Waitzdorf
http://www.wikidata.org/entity/Q15221395,Streumen
http://www.wikidata.org/entity/Q16321008,Thümmlitz
http://www.wikidata.org/entity/Q20051141,Weicha
http://www.wikidata.org/entity/Q21039636,Kollau
http://www.wikidata.org/entity/Q26836891,Hetzwalde
http://www.wikidata.org/entity/Q26897733,Niederleutersdorf
http://www.wikidata.org/entity/Q27077409,Kuckau
http://www.wikidata.org/entity/Q27479114,Hohentanne
http://www.wikidata.org/entity/Q27479122,Zwirtzschkau
http://www.wikidata.org/entity/Q27914930,Bernitzgrün
http://www.wikidata.org/entity/Q30539439,Ödernitz
http://www.wikidata.org/entity/Q32749125,Steinigtwolmsdorf
http://www.wikidata.org/entity/Q51844711,Zeisholz
http://www.wikidata.org/entity/Q52153391,Oberreußen
http://www.wikidata.org/entity/Q56057206,Oberrossau
http://www.wikidata.org/entity/Q65935767,Dahlitzsch
http://www.wikidata.org/entity/Q64739085,Mittelfrohna
http://www.wikidata.org/entity/Q56286161,Rützengrün
http://www.wikidata.org/entity/Q62759706,Untermarxgrün
http://www.wikidata.org/entity/Q65966675,Breitingen
http://www.wikidata.org/entity/Q66384681,Kleinolbersdorf
http://www.wikidata.org/entity/Q51772339,Schwarzroda
http://www.wikidata.org/entity/Q61943342,Lottengrün
http://www.wikidata.org/entity/Q63226365,Uhlsdorf
http://www.wikidata.org/entity/Q66385104,Staudtnitz
http://www.wikidata.org/entity/Q51507731,Altensalz
http://www.wikidata.org/entity/Q66385147,Heiersdorf
http://www.wikidata.org/entity/Q55756511,Jocketa
http://www.wikidata.org/entity/Q56066119,Möschwitz
http://www.wikidata.org/entity/Q56477510,Lückersdorf-Gelenau
http://www.wikidata.org/entity/Q65920612,Ablaß
http://www.wikidata.org/entity/Q52165286,Bulleritz
http://www.wikidata.org/entity/Q66384370,Sahnau
http://www.wikidata.org/entity/Q32730971,Schönau-Berzdorf a. d. Eigen
http://www.wikidata.org/entity/Q56066118,Niederrossau
http://www.wikidata.org/entity/Q56435705,Niederplanitz
http://www.wikidata.org/entity/Q6376,Somsdorf
http://www.wikidata.org/entity/Q6820,Zauckerode
http://www.wikidata.org/entity/Q8744,Nauwalde
http://www.wikidata.org/entity/Q12041,Bad Düben
http://www.wikidata.org/entity/Q12055,Eilenburg
http://www.wikidata.org/entity/Q12062,Torgau
http://www.wikidata.org/entity/Q14904,Hoyerswerda
http://www.wikidata.org/entity/Q20070,Crimmitschau
http://www.wikidata.org/entity/Q20081,Lichtenstein/Sa.
http://www.wikidata.org/entity/Q46773,Neuensalz
http://www.wikidata.org/entity/Q46853,Adorf/Vogtl.
http://www.wikidata.org/entity/Q46890,Netzschkau
http://www.wikidata.org/entity/Q57744,Deutschneudorf
http://www.wikidata.org/entity/Q57779,Heidersdorf
http://www.wikidata.org/entity/Q57876,Ehrenfriedersdorf
http://www.wikidata.org/entity/Q93211,Bretnig-Hauswalde
http://www.wikidata.org/entity/Q93223,Crostwitz
http://www.wikidata.org/entity/Q93228,Doberschau-Gaußig
http://www.wikidata.org/entity/Q93279,Panschwitz-Kuckau
http://www.wikidata.org/entity/Q93291,Schmölln-Putzkau
http://www.wikidata.org/entity/Q160238,Weifa
http://www.wikidata.org/entity/Q160400,Stannewisch
http://www.wikidata.org/entity/Q160512,Halbendorf/Spree
http://www.wikidata.org/entity/Q160542,Soritz
http://www.wikidata.org/entity/Q160617,Geierswalde
http://www.wikidata.org/entity/Q160682,Spreewitz
http://www.wikidata.org/entity/Q160803,Groß Saubernitz
http://www.wikidata.org/entity/Q160878,Eutrich
http://www.wikidata.org/entity/Q160955,Milstrich
http://www.wikidata.org/entity/Q160970,Bederwitz
http://www.wikidata.org/entity/Q161007,Lautitz
http://www.wikidata.org/entity/Q161014,Singwitz
http://www.wikidata.org/entity/Q161017,Seidewinkel
http://www.wikidata.org/entity/Q162603,Tröbigau
http://www.wikidata.org/entity/Q162649,Tauchritz
http://www.wikidata.org/entity/Q162713,Kaschwitz
http://www.wikidata.org/entity/Q227210,Zschaiten
http://www.wikidata.org/entity/Q227298,Zschölkau
http://www.wikidata.org/entity/Q383464,Niederhäslich
http://www.wikidata.org/entity/Q502559,Olbersdorf
http://www.wikidata.org/entity/Q503163,Schönau-Berzdorf auf dem Eigen
http://www.wikidata.org/entity/Q695636,Hammerbrücke
http://www.wikidata.org/entity/Q703135,Klitten
http://www.wikidata.org/entity/Q850799,Beuden
http://www.wikidata.org/entity/Q946164,Gallen
http://www.wikidata.org/entity/Q1016391,Burkersdorf
http://www.wikidata.org/entity/Q1069488,Altchemnitz
http://www.wikidata.org/entity/Q1206161,Deutschgeorgenthal
http://www.wikidata.org/entity/Q1239868,Niederschmiedeberg
http://www.wikidata.org/entity/Q1251073,Walthersdorf
http://www.wikidata.org/entity/Q1258118,Dreiskau-Muckern
http://www.wikidata.org/entity/Q1263411,Nieschütz
http://www.wikidata.org/entity/Q1277681,Häselich
http://www.wikidata.org/entity/Q1315958,Großvoigtsberg
http://www.wikidata.org/entity/Q1396176,Steubeln
http://www.wikidata.org/entity/Q1523244,Giegengrün
http://www.wikidata.org/entity/Q1543848,Graupa
http://www.wikidata.org/entity/Q1549134,Großerkmannsdorf
http://www.wikidata.org/entity/Q1570216,Mauschwitz
http://www.wikidata.org/entity/Q1613450,Oberscheibe
http://www.wikidata.org/entity/Q1624394,Rüsseina
http://www.wikidata.org/entity/Q1687410,Jenschwitz
http://www.wikidata.org/entity/Q1690514,Ploschwitz
http://www.wikidata.org/entity/Q1696609,Thierfeld
http://www.wikidata.org/entity/Q1726288,Krippehna
http://www.wikidata.org/entity/Q1734503,Rödlitz
http://www.wikidata.org/entity/Q1746389,Kleincarsdorf
http://www.wikidata.org/entity/Q1867724,Lodenau
http://www.wikidata.org/entity/Q1884873,Mahitzschen
http://www.wikidata.org/entity/Q2010321,Oberlosa
http://www.wikidata.org/entity/Q2117994,Pulsen
http://www.wikidata.org/entity/Q2167288,Rosentitz
http://www.wikidata.org/entity/Q2171899,Rudelswalde
http://www.wikidata.org/entity/Q2176648,Ruppersdorf/O.L.
http://www.wikidata.org/entity/Q2356533,Stroga
http://www.wikidata.org/entity/Q2439280,Tolkewitz
http://www.wikidata.org/entity/Q2570650,Wilder Mann
http://www.wikidata.org/entity/Q2756187,Leutersbach
http://www.wikidata.org/entity/Q10726174,Lissahora
http://www.wikidata.org/entity/Q10729162,Maukendorf
http://www.wikidata.org/entity/Q10817036,Zischkowitz
http://www.wikidata.org/entity/Q12346613,Dorf Wehlen
http://www.wikidata.org/entity/Q14524855,Schmochtitz
http://www.wikidata.org/entity/Q15056296,Gelobtland
http://www.wikidata.org/entity/Q15056416,Grobau
http://www.wikidata.org/entity/Q15062152,Zobes
http://www.wikidata.org/entity/Q15812588,Gopplasgrün
http://www.wikidata.org/entity/Q19946307,Reibitz
http://www.wikidata.org/entity/Q20760925,Euldorf
http://www.wikidata.org/entity/Q21039839,Eulenau
http://www.wikidata.org/entity/Q27479103,Müdisdorf
http://www.wikidata.org/entity/Q27927892,Spreedorf
http://www.wikidata.org/entity/Q27973130,Schönecker Waldgemeinde
http://www.wikidata.org/entity/Q28034110,Döhlerwald
http://www.wikidata.org/entity/Q28057124,Schmiedenthal
http://www.wikidata.org/entity/Q29480019,Irbersdorf
http://www.wikidata.org/entity/Q30014773,Tschernske
